sequence|TLEN|data|validation
0|56|pneumarthrosis metaphysicianism verbenate dissymmetrical|4873629ccf96083044af8c2ea292ea5139b93b7d3fb0edb42602ec986e76992e
1|43|catan phanerogenetic astrophysical bartizan|19230b54869e1ab7a01db8cb9eb653a421602f06d8a64902f64c69fd5963aa55
2|44|photocampsis nutmeggy archgomeral unvirginal|8a9022751fc818b52902675cb5af41382be4851a923c99a12b92a6bcd1392d71
3|37|woolly reallege monosyllable scabland|eabfd957ead4cb3bb9b6af5f37e82a714eff7fa921f42bc819ab4ff32a53b4e2
4|30|lake imageable hoarder owtchah|af870612ae5ee289bebadcc205acc936ae13f19ee0e0c15c7ab3537f1b8267c2
5|32|battleground wham pyropen rivage|a3b8a41b746def2442c4cf39bac8bc2f03a97b2b87d03230f21a13bf6c7e281b
6|38|poroscopy sesma tropicopolitan spinate|12af02aec1f1b536e76f542832922c11a169a82ffa182d37348b92cf3211a510
7|38|multipole pressural entangling collide|91bff417c4296b7ef87c6d0a379cd1952411c54d1021c32bb33eee87af58b5e8
8|30|meek apneal hyenoid blackishly|553631ab84ffe91ade3eac7f65d42098cf586a3f11c6ee87fba2d9209edfbba1
9|40|rounce dentinoma Antiochianism stipiture|29b88ddb5eb297d69de46f246196fb3b0eed141a6d1a4a108ad41214131c71a9
10|33|spoach subpress overpower outsole|ae52d06fd76acef7faea2d37b87bf73bb9f2f758c42e1ff5412834775eb0c0d9
11|48|oiltightness bevelment Wykehamical veridicalness|159e8dee4a1336a963a1180ecb4fa7481b1c9dab6bfb1833e56518711d28480e
12|54|spectroradiometric primigenious essoinee Atlantosaurus|d56955bd52950c2367d42a0db54232ea30fe36d7213430a4d67aa580b002f55c
13|36|frigostable Linguatulina reit Filago|a83c1c8051deeaceedca3d9d7064f669f4f534efe92d50c8880da3f63c81f17c
14|51|infraclavicular mesochondrium outmost paratyphlitis|b6197b7f54e93f8ff2ddfd9810a421ce3f82bcef7b769f8a9fa946ac33da5239
15|37|cysticarpic fussiness Kustenau mallet|8c0e0bfe72ca638d7716ce97e8a532f0f4731808c65d9702a0d057b1432d7609
16|49|sursumvergence undercollector Glathsheim basigamy|e56fd14e30c6fe435dd0d5266e0d3a50bd7f959bd8192ddd10b30674f0cee787
17|48|peppily unexpurgatedly autoluminescence outscent|f35485990a37ebebef6e7cef87477e078eb2cfe77614e9fa7ad0cad220fcb055
18|39|biarcuated Koorg perfectivize toxicemia|5d86ec7fe25398b22912cb7b70a63b149467c2bad51781621fa46cf14b3d6925
19|39|Trudy superaspiration shinner vaporific|882bb4ddcde4aa1975076ac4a65391774ca40674853023153734e8a8fcb522e7
20|47|unstriving psittaceously siderostatic lividness|f19b6c25f79841bf86efa4276aa269df686bb50724c3d65c771a03a13266f350
21|29|gonal oust dullsome solemnity|adfc11d39800a01c383c4f2cf366cb36d4c0da794c18fd408dcb2b422d1c702c
22|37|Rucervus fisherwoman cornerbind abase|9209bb06e1649aa4a6d4f390cd71d8f430cacea73604a37f0df151cbe0098895
23|44|lopper aberrancy nonmechanistic canaliculate|04afd9bfc4d37764d52c46bed25473c1ae29979f055a927156bc8607cadc5e57
24|42|epiopticon intercommon rightless timeliine|ac7b11ac244dca3e635e1bf1714b08408b42120601a431be0c3862ce72a0b595
25|45|adenosclerosis taximeter swooningly promittor|644ab5687aa6fdbd67e1967e424daafcf389be07cf1856afc8feece7380e924b
26|47|metaline malanga theophilanthropist structurist|820d71d742eaa46da71b4e600023c1359b1b25af2f5d16623a7c70d2344c02ea
27|47|Theophrastan viscount nonmonotheistic boodleize|a3b5f6eb28f370ebfe527bd9a4217b25445c65a06b0c3230863d8f9d299b4476
28|36|roupet banstickle invertible joysome|3909b9cd5b7e50f327ad39c67b13efaa4fee1edfcdb824084c2be92969f20bc3
29|48|overrunningly arteriopathy primitivity coughroot|9f03dcfd2d1d72f071400fd1e0a44a534f3635f341f6081bd9aca66409298320
30|39|Campa nonteachable amantillo scrutinize|2d5bf8326e4d54a10ffaa6abcb0ee07feb6a831b2ba580a30fefd8cc9e01e074
31|32|salpacean marlberry exam fortune|4a1b8332b04f83a43fb6d12baf7a1b966ca46137ad0f02069add6bc7632320af
32|62|pleuropericardial sulphitic orbitosphenoid undemonstrativeness|3c178e27b19ddae547e797dc544482c230f2048df9178385d86bdc1f2084520d
33|30|beknown Halimeda lochial poind|6adb6fbadd929524c0858d72ffa4471d7f9eb0f7f635ff490acc7939e55f9533
34|43|talepyet omphalorrhexis apprise upboulevard|ca45d4f1b9074433b8d971f28f0d5507958650a714c79fd6266092401456a696
35|44|bacillar gnathophorous fruiteress cowhearted|849a454b152ca127ddbfb8d6dbb6e54d35b55de9f933d64272754521c20d2f7b
36|39|snort memorial cathexis arthrolithiasis|d26e02d2c5a41d15e1269a1ebec2e272f2c05ad1ee1ab9c102cec7217d21742d
37|46|Tillandsia abundance unpractical angioplerosis|bb03715c15ba767dccc9fc7ddc772af9319c3ac7a46f98dd1e40b186ffea8f15
38|38|popinac feasibleness afterswarm respin|5d13740a3476e32dbd84095d2281bd3b4acaac5f49ed30a3f04db25e5d7cd0aa
39|46|iridescency adrift dendroclastic delightedness|11fa5d47e23969597a44ecd1c208ef1993a76cd1586850e29979e8f5940eff99
40|44|intercapillary preacidly mirksome oversourly|0406350083955a3a2d2fe082268777abfa0a6289743e519904672a7fa101e699
41|41|papism fosterhood cameralism juvenileness|0af7c608cfe750035508875e534005569807fe5fe3151f4e49182b412d9c03cf
42|40|hackamatak judiciable siphonium overzeal|2de6e38adce5803f24ff715be0c61b654a652f0d63e01d15cd25ee893ccd186a
43|33|firkin compensate phlogiston watt|ee977c411ed7805b38a08493f2d1f94ccf05557f2a4d6992bb6ec71a3438af62
44|37|preconnection impotent slidden Sophia|6e55e343a6bf647d3ad64cc7ad102aecb7f4cb3c5bceec9f3dea559322f4dbb0
45|43|scraily stimulator Clerodendron piscivorous|af6d43e956d7dfc652184133b8295b8d9ccfc1ef86d8026fb413ea7de6f4f2be
46|43|bicephalic extremism unmateriate sweltering|93aaa9bc73208cf871c81f8151dc86cffb88c1f730707bb7576e8dd734294866
47|45|extinguishable hamleteer quadricarinate dormy|a4c1fc9871f3beffccac7af1dc4e295d937c7a3d62c46eb341ed3b8551ba92c3
48|45|leatherroot epipterous hydrobiologist mullets|05e783e6d2c28db7f26bdd34dc62a382b7f2c54ceaaac6f53fd9183ec9df0ba5
49|31|epimere corindon adoratory gote|0d6df4005edb3773a8a8ba6abdfd0bccaa886fa4b69145c02ced78463ddab15e
50|39|passless eupsychics unicelled desireful|f70cc00f71d6c2eb84be8aa949abb333feed57d7aec513e9e58ebc439a32b112
51|39|herbose parenthetical sphygmia disalign|cc73c63621c3797c9f3c20578cec13a7135601c3544976046d5c2aff4a51d3f9
52|40|acetarious sleave misaward myxopapilloma|7d07c0f5efc19c35ece3c9c549d503d7df4834538504b3241b5aead0a0824e12
53|43|unrepeatable beaverish unimporting tearably|1d4c7d1f7de606fefa6159998301b10f0e13c4644ea0925a93e24a34aeb7d6f6
54|33|famine garnet homebound voiceless|54d2958a542b3efd8fde8783121d161d4e7c8ec71f6a6685849dbfa0227bef24
55|43|quarterman prelegacy stert circumlocutional|cbd9eba02eb45e9f4cbd9927417a3f1d8d820380a3ea46c6bc7ceea3abc55540
56|38|mig demilune broiderer salpingomalleus|9e6f7edf37bdc53d54847397e6e9efc09e34f212631512e3cedf0702369c7ffa
57|40|corncracker scamping detectable maturity|c4a4bd8af9ca70797187e7f3f3c9d3eac3d07acf656761fa3368c9565850c184
58|42|denticulately bianisidine billycock tuning|6dc620692f0d2d0db5ffd8d5d909073908873f8de80a103deba2d0699a349050
59|37|detersiveness pycnosporic excise save|fa47dd9db3a34d93a1d3fc31423218bc6163037a79b63931edbbd1e425f8ebe6
60|48|intrusionism cinchonaceous pentangular inharmony|b0cf7ceb2d320048a491b9124f3089a699da23de4de5c1a98a5f9afe7eccd65d
61|44|disobliger pickaback dacryocystotomy tipulid|c7e1c18c8af6f59ef0063bd7132124577e51c76e8c25c10272b73208fb906640
62|35|stingingly disinter fader misdesire|601efd43cbeaccc660a9b7caa13a74a5ec7bb3b76cd185a8c52ff9392f008176
63|37|gainage isochronize divider antlerite|8aa3b4028a3fcba1749a88f91c121d4e2cef63ce1846c02697e63966e63dcad0
64|50|invariantively hydatopneumatolytic divulgate Konia|53a559353caba04bc48785990efba1fb3973b3b75a3f7f96c31f1df2e869f11a
65|48|policemanism inerasably Asclepieion nitroprussic|c47d4103cbd4bccf6e0a18353881c9d2443cede74b26c1b8fe7e66853f4294b8
66|56|prestudiously nondegerming diatessaron orohydrographical|1c47b09b23d36eada59ce57aa988087d2d7f7587e70907b116ceb2fe8603b988
67|41|unobservable backfiller sibilatory barile|4cac7965809324c6a8e838863e0a586ee667331fba50d194e5204a55ee39462b
68|43|breadthriders impedimental indocile unheady|3fea6c536aeea28d9dbd59b74bc94ee4675bc7bb3d3af04e90b74f99a6d91b49
69|46|preoutline Sphenophorus monotriglyphic clavial|61fd52a5fc4e33780c9be75840788b6b3c861dc3176d08e1e3c0797d5914d309
70|38|oddlegs unfatigued apiose nickerpecker|eb02b0f7098067ac32a83bd29fb0c7caf276949e9cb5aa798b5257efc896c9cd
71|40|variolic atabeg twinelike testimonialize|1e7efafa10d6a693e305f7e935ab2d0dac79f2ad37c562e4603653930948f80e
72|45|multifid stipendiary beglerbey syndesmography|aee1ac9d8a1f1aa8ec21b1eb69c458a4e1a4a0c501cd5328d64b766a6979dac5
73|35|sahib automotive lamented Gothicity|8bdcc4ac6ec56e162333cd700b997a029728c532e9bf35b3929317b422c3150d
74|47|monocytopoiesis lignography Kimberly physiogeny|7c25d4a4d737209c1e610232da98f492e163aab945bac9cbc99f44e6c45f02b6
75|39|conservatorium suffice Guzmania framing|d20fd6c4412b45581108b9a75b2801104320a58e9ce39756cf7ef44904646b20
76|41|Carole timberless unregretted prosogyrous|ac4f15674f21d8298aa3d0be73198af8b8cfb66f5504da5da224080a84a57b7c
77|38|goustrous paedomorphic tinean jiggerer|2a3a07d5ebd63c98dfb8708698ba45677288192a156fa6a60d0492aee8e968a5
78|39|cyclical scumlike luigino interlacement|3ee6019280147197d9815d4b16313b04faa1c5f0d03c4823f89779208580b477
79|36|amene wangala bolster postclitellian|8fdf2705a4f6a8d9e96c4aa2f98fd7cfbe5f01ef6ac39904e7ff1012544f8013
80|39|dismissingly propionate wax felliducous|d4b92a4f3043332eba801380324b4577f0dccd7c3b2e824d74fd4e33a303af59
81|42|Usun stassfurtite thermonatrite patholysis|f5386999defc5feb7642bcc85d339e5e1a67c968e9f493379e680f9fd80b4143
82|40|splanchnographer triply plough pargasite|5e8777014b70d5857f068296f8a3743e06f8db9b10b693a9462fa0a32d8fe9df
83|39|jobmonger prudishly coronad dyspathetic|b02b07ee952d24a0db1aa98126c727e756270192d7e0616ed4da8459057a4220
84|47|tattered onchocercosis purplewort amelification|b2243f90070906fceffc4d980c1f818b3d1471367be017dcf47e2e6f5ef67279
85|53|Haloragidaceae Heterotrichales explantation attribute|f310a3377ad209784608c02c65a711800a9270be1056d9a124cd3154b1309afd
86|36|protuberous overfestoon dier rurally|a72d3723ede9d4046a4c221298f6c9cbf9bea4a429bd2e97729d7cf7c68c0731
87|34|moil triconodont sukkenye Daviesia|19fbb96bb5ac5d16e440847287ef4b400fcfd6b63930abd737bae68f04f04177
88|48|unmeteorological banefully generation scarabaeid|de2f5f97220c5319ff434e91234823ee50b1d1f917d2ed5654895b34e38fe84d
89|51|hologamy reformability phalansterianism sinningness|137f98e22c3b4e08a41c9acc9c7c07f3953ab9e1a1431c5bef11f95f26c262c4
90|40|decadently superdainty interinvolve Mars|eb75b3c276d29eddfb215797656fd5816ca0694d2e4a409803dc2223f5a583e8
91|33|untakableness dogy yonder gangman|ca3a9d334ffe7d6c982d418df12735e4ad094bb2256b31ab297220720407d6d3
92|46|standelwort mystagogic misgovernment deathshot|0ba389f16228fd6a9b20e20906b22f1465f6cd143add9f10c9ba2aef69fc5292
93|45|olecranial irresuscitably melancholious sized|da0fcef1e3aee39edf42a91bbd5e6e7dab77dba1ff0b0a5755bca3f2dabaea81
94|41|Landmarker sunglass wride anomalogonatous|011d7585595d39eb2842ca5606fae5af081cc14dc086f2b7ee328b668b619f77
95|34|quieting Lao scrapable muscologist|e03867f856bd346606661581997adb5dd48d58d7e82251279889fbbbae5a85ef
96|45|tarsoplasia hydrophilous unsplattered retzian|9ee525ec52d5bfc47fa04e009da481081d2f28e0c68eef19ecdad26db863c688
97|44|uberousness maypop unrelaxed exhibitionistic|33dd4138253453af9a6779101b52a08486d04667d34ad4450548e1828d37f721
98|32|pulse fuseplug minorship toadery|1903847fdf4f47de6fb7d778ce304fee1cac9c962f149e770814343bccaed69a
99|45|antiputrefactive uvic antitartaric polyhaemic|4ed0ffa96d8d647388a7ed6312ce475d0626418ca1c5a8a78437714409567109
100|50|sentimentality unobumbrated unrepentantly beknived|be88cc5c453f7a4c0f3d1c62d2b88c4cc6c065559242ccba790d63c76581a694
101|36|ultimate cathography womenfolks doby|5c085cc768dde6accb3c968ea0a5f276aca33be30bd3cb8371e0d6ca9e440c43
102|37|dismarket fecundatory sardinewise ark|748d94a0500e6438cffc2aec83f031a71b23106d9750211a06a400f92965ada2
103|43|thereology pseudocosta quartenylic palatian|a5b5cae43999774d8d55560e06033af9aca6700f8f563e38f84bb780375daa7f
104|42|screechily disulphoxide nascent sateenwood|5a9ff230293b1b300f29dbde183643d02f8d7a6748ff34739ecb30eba999a155
105|41|postmedian diacaustic forker anococcygeal|5f93b584390894a1cf48937708eee2a0be72b65526cb930c07c95065ece73f9c
106|46|pressingness Gitanemuck roisterous improbatory|cb60061890083dce4d6990b1a42751bce1a489ed7c4cc1e39d600004117934ad
107|33|caffeone xenotime varve manometer|38a7a28f6515eb89ea4d8f0d7925b3950acabaa343b96b6e8b50ad0ade2bb7a7
108|45|oilproofing tapestry campanologically bardash|4b6a40b6529c00515a4605bd1042ffc87188a81f3cfc152511b1782fd8fc4075
109|53|Haemogregarina retrolaryngeal weightlessness aquarian|753a9806844d254246b87e5df48ff55def6fd812eb39a62542582d5f4b93aa29
110|34|spurrings Salopian lionizer Dehgan|7c2e5ac948967822bdcd4a15b359ff19e376c935c68babb70b2dfb56902603f1
111|47|semirespectability teaty abiogenous glyphograph|0a850ba043b55a4108aa6c38b3b9cd1029f480b53ad0cf99debf6881d4f88efc
112|42|integralize Termes aphorismatic naphthylic|fb1841de2a5482720f48a2f998f184d60bd8504652d55e2f94198af3bcc363b3
113|41|hypocarpium Panorpidae uninsulate saclike|0f071df77873cd7cad97ea72dac656fbd85178895eff126bf7a39a0f3b978efe
114|42|autoptical Cornucopiae discloister savssat|06d57ace0c7da51cd87d2bca8856420646c8b68290a1a18668d9764033696d00
115|35|lucken paxiuba Micropteryx moorsman|0963f9fe3a72aec3b20373aece6505a8de06ba214ee970f0b450041cbfc71602
116|32|recision tripos ethyne moromancy|cf5868dc6a87690fdf9dcdba64594b2a542fabf0c57041870d46b9bf1d8589f3
117|40|tautomerism Wafdist carposporangial ogre|06e7577f6b71d194d2a704cb229f5038dff4a8b21c9020c9bfba791d686241f4
118|50|metrocarcinoma superexceed retraxit nonretroactive|cf88765509ff210d5e7525214b8f1006b2f6d0a83b80ddd4327e6377097bd40b
119|43|spirochetotic Wikeno lamprophony hotspurred|e3b9e49a3cb3d51d0d3cb5df6d8a81e43a0b19122c325d983c929f17cc070f56
120|45|Otello sleepward cornstarch orthobenzoquinone|86049bfb94923072536bee92221e96db4901990d766a2c3cff03c3b9de86bb83
121|47|cyanhydric playability Ursuline warrantableness|a6f16f46f723ffc038018c035c16dfa30b0d0f09dd416117e43ae18cb27ea4af
122|36|unduplicity Borrovian pyrylium medal|32f472cc13a48038708258c4164f0e72ffbdbf2f3dfa7685f16b8544faf99522
123|34|charmless reprohibit dental distal|c2304fd865f30b1cc03440c7ef380ac2d77a13510db252924e7cb28a9470052a
124|41|airstrip naiadaceous teacherless dionymal|20330e4d44fcc8127bed339d8c3299de753f700aefb4362dd4ca54e25a6640c4
125|39|cakewalker rhabdophane overdeck dissoul|359670ebc3048f7bcf51eca8ca7889a9c5bf642eff6c777482baba8b179d2816
126|40|patriot lackeyism cassinoid doctrinarian|81fb0767aa52d0f7e06e81b5e1913dec1fbd8314fa628670883ee219d5e42104
127|41|nymphomaniac Ersar aciculated unopposedly|53c49b69db8756725d8d4caf54c8074ac7c4a9776d54e399d06a5350b80f529f
128|38|subsaline logie overageness archjockey|538c0edfbbe2f02bf268bde70b1bbe19f783f9f4b6438430f7332b12a9b64506
129|38|doom chorook circination unflirtatious|1b7c4847de87a97be8fe1ff5594fa1c9dcbbde717e98d6c1fc1ebf654ac6b6f2
130|34|gingerleaf unaloud reinsult shrill|1a5d96be2411274f405b607ebb42fba8925d435253d6230049fb60f3ccf2d22b
131|46|alcoholometer antimaniac antipodagric pithwork|29b727f3346c8cb8b047b192975a91510e561dc72a35860e3e0fcdf53b5f7532
132|35|bairnwort unsad heliconist hedgehog|beba05ea97742ea6f3b662406feb1d229e198c3a7403e1b5af570702568557d0
133|54|noncorresponding epithecium northwestward suffruticous|c52e5c79e9f3d0a13dbe2d70bcb46bdbfa56f2123ffa6f2f3658f29b0c9340b5
134|44|podogyne untriumphable Nothofagus chaetotaxy|37913f4f833d12123ae2867e6d5e36ed539f1f3dc1c396c9931161bba689b913
135|41|mesostomid figbird hungarite patronizable|fa638b6e41d72cabe27de4caa615b3adb1dd66105f5bcd50e5100767cbbf5adb
136|43|zaffer unprecipitate Bergsonism unconfident|fbf9d11043c7277a36e5f389c696e985c0b8a6d8960811ef5a8ccbd9e3df0d78
137|39|dimmet plumbership strych ungentlemanly|f74d5286f379564b348b33ebfa0ea631af2be464010b64a1dca5a10299945934
138|40|Bipaliidae Fakofo nondistortion Gadoidea|c663914d1980daac5721c8c884f7c3bbf362c30f88d44e3a43801dd3cbe22d71
139|36|lineament fowler fontinal unruptured|d23198137eefd2f57ff1f2cf0d271a85574b4b39c4bfcf2f9bf93bb7638ace89
140|51|semidiaphaneity Basilidianism axometry pseudomucoid|0d8d9c3ac4abb8a56385ee57ae3b2d158b9556996e02633f972cf1f37c02f8f9
141|36|unmanneredly berakoth backgammon psi|90fb90ad7f7292e953f22f2bf367c69eedad36b552e26b8965d24ec93bdcd58f
142|41|platyfish irreversibly hailer climactical|85f5c9bf2b3e19e47aa6475188ccf5a1b865371601bd8ee9166176ba31934be0
143|39|seership meteorogram catercap splayfoot|78d887cdd275a11c2192ee827ceb8598cbdbac61d22a1004b0cde083f2c37b89
144|42|interdestructiveness scops flawed Reheboth|bdd6d5860c6a5ac34092453d4df7832c14c49ca3e7fe3dbaeee06bc2494e883f
145|37|Aganice tramper unmystical Orchidales|874b640ee2532fea4706eb422b64d0a95b0b766dbd6eb53186cb5aa94e237e5a
146|40|suspense archigonic paratrophic tubulure|b177e74cc6853717f2b72f087be0f9a9face67c1deb9635ecd7b453e99190a39
147|49|saccharorrhea hyperparasitic Santos heterocarpism|66858b6876a5c0733ce11061eade16d685c07700f70aab6419a49fc5a8e1d305
148|39|hemology unary phenothiazine comparable|e99d68064170e1914939c9fdf63a8c0d920973b140c6124a35f6383915ba2903
149|44|adenography underdot probabilism exindusiate|4cee58c8e0dda7985edfbe50f8249ef53f6323619909fc334bb24cc321138983
150|44|preternatural unurbane nonlicking safflorite|2045a2f70d56e78cd393604e350afd37129046a18b709769584f5ac5028746db
151|39|electrodepositor desalt question ustion|f586ff36c78ae97beb1201981684b972b646177c274dc92fab8d9213054ef7f6
152|57|hyposensitize compulsorily dechemicalize undervaluinglike|96e8b099888a8f91b8df736d601137bceef1ca96bae778d70040fb541a8ed7f4
153|45|redoubted cholericness Shekinah interminister|94fd56ed5ed66f20647951fb0f6e57b299c0e21d8a1639cc660e3ec72bf19104
154|38|Digitaria Microcebus dobbed perigynous|5767efe0344c9b0ceccedea7a5904e3a7c1e44efb9bbddd414be7063ac3aa06f
155|42|revers poisonmaker supersyndicate disadorn|fcf9c23906e9bd43ddb9725c864bc9293fc00d7c340d3a94d99dc5c16ab597ab
156|54|peachlet diffractiveness onychopathology scyphistomous|47d3cb2ace68242b645fda90b81794c019faa0bccca097e119222472f67d3255
157|25|pilpul saya stambha birdy|3ad350f883528fd0ec29ea471ffdf8d27807bf08abd5a5e85df7c31bcb03b468
158|38|uplead spermine vitapathy endocarditic|64bc99d7b02286f3e405e019f3c6ab0ec4572f8ac68775a3de9f6b37835dd698
159|42|tyrantcraft nonentailed rechurn unastonish|c24cda5c15bc0fa5465398b38e587271b629f88c42f1132b571572862964caa9
160|43|Zoharite Chrysochloridae ungorged observing|e44874d948b2468870570101657062023b5bacf2c5736dc90cee66d21a4208ef
161|48|pseudostigmatic unravellable infectious blennoid|1c4ff126ce5b229ed7d2dee27acf73b9e8de3f6782eaab5dd6dd5447ebead4bb
162|40|geognosis appetite brickfield sibilantly|0e1c219ff7b9fe7d6ab549dd688bcc9d3538522e9ce220094428c650fdd34086
163|39|dusterman conclude detonative selsoviet|2ea033ca6cad085cf5cfa450105f426a0c0ab70ab1892fc63a00526500c5498c
164|41|seaward overchargement fishskin whitherto|4b22a50f7ae0329de1706ed1582d2018864ea699b392c6726d66e4ca35fc356f
165|45|iridiophore amminochloride trimmer disenchain|d08c03b0342b651692fa2ee84b8914aaa11b06e6cd4cf9ebf1a445cbb05abc33
166|46|granuliform ectoretina producent kryptocyanine|17d4e946f04ce63be82171043df08f408ab21e691a9bcc2071032ebe4aa0d908
167|38|aculeolus scapiform apoquinine griping|d263469789eb92baf07d1b4daeb08007cb4b246a717a7356c321b72498272d1c
168|33|upshot grindable liberalism cozen|f86dce041416c1b3f05eefea87efcde4f6801520557e630f5ecfb6cefaac3b8a
169|38|monometer pimento tetractinose kiliare|5fb5b26f205b78c7cc1999d642e98c1d69ae0c77d0413542a452a2466d2b0aac
170|40|drammer tubuliporoid proposable oxygenic|addfe1edbf23cad08e21800911a8853d306b4a14b00011210e5cbd6f5e11f028
171|38|psychosocial recork demise bisymmetric|1f86080d9abfba4b75126a6ecf2fc888612e9f86e9be9a129d1992b14e3958df
172|43|Ning calamitously isoelectrically unencored|69bb1037dcd172e67113d558d31b37631b1e1eb0bf413f517d9fb6605673e8da
173|39|gascromh cretify retina hematocytoblast|602c39bbfc55ea3e650956def9762fc1c2e9bb98f9513d6299575b330bce8a01
174|41|Poictesme unseason homothallism reconnect|e6ca9f1b1ead0c827c36753ef791106694a578a2836c78495cb9abe82c36c21d
175|40|unfortified forwarding endoscope toddite|494b6b1570ea80ecf07838617298dc763ce86e97e68ee178d7b90036ba65a75c
176|37|nonexperienced thulr dizoic carpingly|b8e1357b275f99b6d4ebfff6bd4b61c352fe97c7b02d1e37115ab7f18643ea9b
177|46|florican ultramicroscopy geocarpic intraverbal|b40de23b8d48c11e5029522cf100edd2409db0ef627624dd6af6048c180aa299
178|34|fronting unnervous Cadmopone Aedes|e8f7e25f1b665dd7bda7e499bef12981fee65ba98c1a6e5965f3964688c2031c
179|47|Phoma recrudescency solidaric dihydroxysuccinic|e60724d129fbb90709b633375b2558946315a5e45bde5e0d56e83d2511aee2bd
180|52|chlorocarbonate astrophysical quibbleproof yawnproof|f712dbb742fc91b11eb1c0502f645f0447303ef31d01ddf33bca98827a62bf2e
181|48|trialism durational quercitannin intellectualist|e7ba5cab227a0b568ba9bb6baa78545769028f53f2ec9f72e1d8fb66cae7cd02
182|46|polymetochia photonephoscope ultraism stomatic|d0b1953ef961cc965a9228a2dfc247e68bd7591f72906aec480b05a6c1f1d48b
183|32|taboot unspar wreat passionproof|686e8c67c155eb4486aae9e718f75e0c250e842c1bc89ab2fdd33695742f54d2
184|44|prefriendship mossless wretchless doxography|4c1c8a4b1876e4b0d5a125ab01374c25b3cf17f30f7d8a471025b199f1773117
185|41|chalazian sullow emphasize mediatorialism|1b9c691087e5c73a9c5d61aeb5462a78e6c4049190bd1e6a74215b91d24a6ee1
186|48|Manchesterdom polyprothetic decorable debauchery|6993af08912fd9700f787aecd51b21bb4a3bd2caa1250e5aa6fba9e080c1b89f
187|40|unsymbolical coffering dormie flavorsome|80579105dfc788b61e3d8968b8d287bc4871bdba1f20cc67227153fcab957c47
188|51|pinfold brotherless Cephalobranchiata flamboyantism|ddae381ef2a1968cd67cb5e36ce922b6d794bceb89c37ac4dca2957b994954a7
189|45|chlorophyllan resistlessly baniya bistriazole|5591441bd5f467b75eea1bf4221f1c990591691f9977ab09f446d5c1ad600568
190|43|Michelangelesque prepolish scaffle sidewalk|d15491c493baf6362c196aa466a728c4c3705d038c63df06b4973cad864e9d66
191|38|medium externally enantiomorph Shukria|780cf657ffaa9e7af2e8ca05ca600cdc5c2ae4c706abd2cc9a54c6ded2240c97
192|38|enteroscope pastorless memorize connex|c4d4ea7372c3f8d2b3bf7611af86fbec06d24611e80ed9ceed38670b944263d8
193|45|untugged waiterdom Hippolytus Rhynchonellacea|656729434db37ed70d6f7f117249ec7c48b958416278424bd5d9ceb8b6c62d11
194|35|achilleine manzanillo stauk Chocoan|a2e2a51490e37ab8848f3fcae140d45b563a0b073de1654af8b78ae4c40311a2
195|34|cropper hyoidean peliom quadrantly|52e897363ffa7e2e3db5c34894653f73b66f3ed004a9587b4d2839c441d21587
196|44|Elohism Asterias Nitzschiaceae unpropitiated|2fd5114dec6dc67fe84ffd2d3fa5e85a5802492aa3fc752324d6939f27d0b6c9
197|47|adreamed underweighted theatromania tympanotomy|3904665af6d6a0c3b5dc66b78bc471e83445d2b5a48ab4f9e7d11a6a6e75da2b
198|28|myosin aerognosy tsine sowle|d7577614a0fd64de61afc5f1c8533e356c896ab4587fa44c5b758b0d407492f7
199|41|surpriser unlegate clitelliferous kumquat|75d84cb70a8d6adb7e45ce5a11cf138ae9cb36c137f6d135c2336b2c55f51348
200|48|incorresponding Daphnia tagger underaccommodated|ed48d296a0f71a24694563c740fb5182a456dbae88c4dc4c68399c7f434d6b37
201|39|Uranus opiateproof disguiser California|7bf8bb9c47707df9dc992f0a44c940ae30aa838ae67607974e781b01e0e72bdd
202|42|cowardness protopattern coaxial macrograph|4d38ee7149155cb3337352ad169fa9ad0dcf6f758fb55802592c1c73170b6e18
203|44|uncouthie cosubject yearnfulness gutterspout|e0abed09d210e24d9754363be7671ac10dc2c584f762124d3ab777a21b43ee34
204|38|nonauricular Heraclitical fra Labiatae|c0f508ef4cb4795ef9455fa3bb818b58a60ef7e6416e5f1c0ea3a1ffdc6efb3c
205|52|simplistic unfittingness unpalliable Stenopelmatidae|7e784bc798cd06e8c7e93370a2618d3aed067c75250fb7e860c7e325bc022842
206|42|uncautiousness sharecrop elegancy Cornelia|c58f200f00891df9470ad45075777b1626538ffae7ac804503cbb613e963fe90
207|45|timefulness dodecahedral rubeoloid allegorist|34cf186d708d07952df14b31ff133113abd54bebe22fcda773674c9ed2e468fd
208|46|intertrappean unschematized frivolity outlaugh|c6bd2d315bcc5702ffbf01b45cf3b2cec83621939f22030f74a42a3fe1e78cf5
209|55|polemoniaceous zythum trinitroxylol opthalmothermometer|a3c7921efd18c8803ea909c2508e4e865e8ec757d1d19a86800d9fe43d0d57bc
210|48|dupability noctambulation handyblow pupilability|536742ad2190ef7931f254626bdad636251e4ab9bc6aa40924e35f62cd49c33d
211|37|collyweston stent fetiales unharmonic|8f7bbe0bc620f096eab794933ec92ceab4d346a16cfc9a45f7c9a6b83303e718
212|40|unhorizoned wittolly pushpin tertianship|5c0a45c5398f61a29dfa13da17a8533ec3167c741a3630c9ee596090b034de21
213|36|hemoglobinemia septfoil upgale olive|aa03306d34c01fad2b51a0f78fb97e693c5d0867dac7e6bc0a7b7c879033bda5
214|34|bracker curium Ricardian interlace|02233be1a4b1cebf255e12469a47a1a060e73026bee6fb9e229ea1e375e3e777
215|29|caped faff whaleroad ryotwari|0a9cc41affc289a940a669054be544e6dd101059354164bd1b548b5fb00b5f02
216|34|misprovide endevil aidable Fagelia|3b4e065d15a43c19d58aa98fa0b12cd995659ba9baad657fe0a432b2690cc9d7
217|41|linked lanuginous Locustidae dodecamerous|987837db6e4118871986805709dd3af77de030dd243bae1dddc00f7d9329ab82
218|39|birkremite carlet culiciform revelation|b3b1d39efebc6e824960141a5ed85ac6613fe95dfe69eb64de00186b02229cd9
219|36|reflectent parasitelike tariff ideal|e7904c17aff5683eaafe8ee811bd22b94a7309e544bc78c0c164576da11b8a6d
220|45|vernacularist Sideroxylon arbitrative capable|6d5806edcc18aa9befafc399f97ead7282257279a5e954b8bb4f0f31b2395417
221|46|unrectified longan nonsubstantialist exostotic|fbe704743e3522694e050bd22b50f59ed795b2ef3d5aea56ef20050f398c5835
222|41|authenticator sportless bisdiapason wried|51bf851c472ca9f0e3d1af6f509b20a95d301a0cbbdaf4ca381ffb8ede43a67f
223|29|outrick reasonedly shilf nick|23866b8554b88064c3a59859329e691ecfa269680444b3ea96dfa3150db5d298
224|41|Thunor cosmogoner unchoicely brachyskelic|0ee60027d03d8ae18012522e30c67d4de96211dc9ffa8fe2ec237903e50d8267
225|43|brickmason hinoideous strideways redominate|1f24a58e9291f49a2c14ff02177c9b4c83378e5384bcd4a32cf882364ba0fd91
226|38|rupa allocation subprofitable invertin|1a659c754b4eb057f6a3d1fa1c91648813d35fcb76eba632b66c299690f827ee
227|48|gerontogeous pogonological emphaticalness undies|ee097d4c92e0a09d7d52792434c39bceff62a43a4dedc768f7a12d203c02a82d
228|47|jar introductor intermental contradistinctively|c35ca00e8ad85515b7f123c31ccedc3252380465f967124a241e461c0cae6091
229|43|iridoptosis Arctogaean teacherage demibeast|3e98b9add74ca1100a61618aa29c78384497d55ad56d3a477f30cf75db0112c5
230|40|undiminishably feloid excipular outspurn|37935c2c9f82cb07f1970ec5e05dcb42f2c06b04e743b7c45156fdcc8c099ad1
231|41|overview scribblative housebroken requote|1152781ce460cc347397e1ff8c60bcad4e638cedecd32e4eba8a8f912185f2c0
232|50|preagitate mirrorize intersectional mycomyringitis|12c7ae59c6a6f24ff23a6627678348c971b228275fa80c9a1aa9dba0db8b7406
233|47|anthroposophy poncelet sentimentally reforecast|041c80823b59a8581b728c4b8c75252979afc0e84febd46839f19cd6c28537ba
234|50|psychophysically anhydrization undecidable datably|7c88fbd6c013d39c1e4012c854f0aba46cfd9364a8f535f70f66c576ae934ce0
235|41|merist ungrazed farriery physiognomonical|3f4a6b0fe5e9f79397c9b445ca3f69fb107d29c64f7b2ee057b54752d7abaa2e
236|41|quadrumanous Christdom offend apophysitis|e04f2e78d5d5753021fbc80bd015708b1a45b761f6f3d6bd969881f0c3e19aee
237|52|tolpatch thermomagnetic climatically phosphosilicate|952bb205481e35f675b90457c0a03c556676d684e406a4c30f7c6d6167e92f91
238|36|wot preclerical suspended ergatogyny|59111ceab88c56af410c9eca8d341286faa0d60d7aaa9b78a6bc4c731c9ea8b9
239|37|sacrileger snip glossoptosis aethogen|ba1b1f1e9e426857ad5e5448306f54fc10a0a94115749662e56ed042ccda6db9
240|45|tadpolism undividable dimensional unproctored|f96c04aed50aef3c2fc3f016de23c3555d29b61765ec82b1ba5530fe29ea0cc9
241|37|vermiformous Atremata Jiri whitebeard|ed6e8952846f1bce747c7ea3301214d704c6c62734fd9977a82628607b8dd3ff
242|49|nonrectified hypotrochoidal roncador elocutionize|f847522d83e9d4f97b8155cbee3474e4d3b643f2e2cdefdb8fe87ef9ef0ba434
243|55|hysteromania constructiveness keloidal undisqualifiable|2d6a3b85832d1c28876a93fa2db310d9abaeb7b60a0f1f66c574bf957cd31cb2
244|44|coexperiencer kalo interlunation infrasutral|b3fd11ef9b756ea389d3221566012fb8fe399ff24fba450147ef209043476c2a
245|38|doubledamn stalky autohexaploid yenite|e659972515874f3075e2dbf3717b89a5f7833ece18a501e883b7aa31354aeeeb
246|48|pomological lacklustrous isoxanthine reprobatory|a33b33b32ea400a87086d43bf05fb049521b662715d4b5f9e599640172131238
247|50|heterochromous chimerically phytostrote bullheaded|d8739c385fb4def4ba15da62bfb15454f0f6366436e6709a01479bd88bc3d5ac
248|52|myrmecophilism superconsequency capitan avitaminotic|130a129fbb4a691ba906f2f6d9fe166eb78fd7ad4a76f95af87509673a8ebd77
249|46|opisthoglossate thoroughpaced gull Laboulbenia|2d4e420aec134eb621a99d6c4a7bc3986a5581ad113841456098bae2336c6c11
250|40|submariner Hypergon canonicals simulcast|28beb1c9dbdec02a58a07c166502c5945816bf98d40b57a32685152ba3d9823b
251|43|helpingly noncitizen curtilage introduction|9cd5b2995a38705773bf9957f487489cedbf001dfdc134a270bf807852e243da
252|41|invital greenhide conscious misproportion|fb74b13e54227baedd86a77fd008f937c6381637bbdfd6d20f2952e00480b20a
253|48|blindling unravelling worshipfully Eupanorthidae|4743632eab25b2a73e9ab87e0c4097e8e7d8d5863a1eee36027c385c8800d517
254|44|recompete deadheartedness clinograph fadable|ed4ac2914da4695780c9346ddc0b8134b62f005fd3323eba13aa6fec3c56fbbb
255|39|vegetomineral argolet chapellany karate|35854dc7cbdf46ec26e0745720f5f848a800e7e6c06468b76aef5301d2ae542e
256|47|semianatropous semibarren agrarianly premundane|77242e749eaadebf1d74878de63706fdf2e2ac21353532431fd246410ce8079f
257|43|bodicemaker suspected despecificate scudler|8d47b6583f66fd04e27c0a28c34df842ec35535fafe78539c3d58b8b78f310f6
258|47|prolify nondecomposition Barundi micropathology|4b650623ca1d4316e091534ee5ffaea9568626db8d69db5050a25351abdbe8e6
259|37|demographist Heraclid satirize Belgae|992de74ab12f80c415cb596b6f2947b6286af19b8a4045a45c5771f73ee7668d
260|56|Hypsiprymnodontinae spotteldy Megatherium hydroxylactone|14d76129dd8c869efe707402cd79842998fcf2a2ddc24f0517464ecbda6aa7c0
261|51|resurrectionist incomprehension ultragood programma|3149adb09ab6d9c99659f737b8c6fb1ef98410454873ace71902628fba9baac7
262|46|splanchnoskeleton lustfully sloshily guativere|6b477a6040a99192e259538dbf2c5be83051893e59484b0ce3445cd7ca0da3c5
263|48|unassibilated giraffesque lunulite dharmashastra|1c89448083149aad451d04df5f7022763dc3429873a220cf412519b26401f222
264|38|triglyphed goliathize wamus viscoscope|b24fba02ac5713fefa1ca593f1eec1a78d3ef891911dc51cd1180c5f9597ee40
265|43|intrapyretic varication unlisty Anthesteria|9f542b22531b67437ba82d75e971dde9f963ebc4cb746057d42bc5b2e16c4020
266|40|shuttle loganin inpensioner orihyperbola|69e24052da494e380ae14a8c7f25d2855a77048f1c604a1cffb2f6f1e94d25a2
267|40|Catullian yawweed atrabiliarious bounder|2e8c392457842ac0a173f05669e3d80bc624736cb93803a81459b26e4e6402c8
268|38|plasmosoma tiponi inweave algaeologist|91cc3f831103e7764857178e3ec107e10afde6b4a382030b46dc6d5472873403
269|45|Integropalliata redisseisin unlimb governance|173c4a16451d62c62d09d4067c00738b9bc0fd38ceb81c9d80c9dd0b5d865d34
270|40|pyloroptosis Tupaia topmaker sigmoidally|c8ff09c7d21851331c26ee0d0dc55ebde9a1415ce26d6cb6d1f00ed2cb58abb6
271|37|vambraced whilly retramp hysterolysis|ce5126c13c5ead495a286360100cb4344106281e1e04ae682ab5d09e24fa4362
272|49|bradyteleocinesia photostereograph urheen topline|2ebea71abdf9fd9d9cb5e7c3b62968d9f3e0b2b3919ac08bcf7850101276077a
273|38|thyrotomy overriot unrounding simplist|6913deb8024c5a5b2b17f12823dcdf225931c47f92024eab7affdb8f3bc24d58
274|40|pterideous sheetage purposeful magnetism|d49745698b21aa59c300e1eddc6bc55f6ce80d0256a0fb8de98eb38c7f50d449
275|43|Fratricelli sittine Binitarian tankerabogus|66e9140725a26afbf33c26cacfb565ed5baea02677ad5f801e01492415e9bab4
276|36|Volcanalia Macbeth erept commentator|cf24740bdf0a7a6315d2a0bb0a32ae874487ca70eb8bd1461390973aad69478b
277|44|misdefine crunchiness pigeonholer turnipwise|97c9364b1e5a314cecd6fd82ccf175f476a61f6256c224a66163636f63d8ec29
278|36|falsifier schiffli thighed foraneous|602d8915bc3ebf2dfcae2ecd4ca1ea751dd11618da9dcda13a9573ffb0e2f5b9
279|46|addiction bridechamber preregulate phytotechny|6bfa8ee20a1fc8de609679ed2369bde6eb95e07086101c34cbd83bfaaf1b791c
280|40|ellipsoidal unseaming camel scorpionweed|bfbf6fcb7bb92d00f6a2a52d5aa8815cb0d361e5cf92518f317c22ee28f339fc
281|38|parasiticidal sackman eerie unfilleted|567db5502299d1213c7af19096083b78c7404fc1632788142ca3c5d3729e3a31
282|42|underniceness unhandled Ghassanid humanity|5474b67cdbed6c4dbe623a3223d49ef9017e2e6c6ad729a7f9eae19214d80225
283|39|oversilver Hoosierize underslip Berchta|6a57824e5f8f42a062e61f1f51fabcdbedff41004459bc43cc79ad35c032b327
284|48|schistic Ablepharus discontenting mollifyingness|624c5379418b9f25a0a56e098a6cee3693e70e7201708b5b8c5eba547dbfd7ea
285|37|panpsychist sodaic jingled consolable|ed27d0c1cd7698d5cb82841660f2bef0e4486dcabbaf8a2850e206aaba861ca5
286|49|metaphysicianism palmivorous anemopathy stoutwood|8fe03c0f74b2069bc690a5f4c209c1e619250f3612bd9951b93c910571039b63
287|43|cocontractor impromptitude toxon epicardium|fc9d4e809d7ce4635d2f1764e5eb643fe299f24bedfbf2363cbb2a7971ce565e
288|37|unprovide benchful puppily apneumatic|17457d7283b7ce16d3817f50bd79d20e44d139c26deb17441a83ee9d9921947e
289|42|keratalgia onymatic varnished accouchement|a2deb3915a6c6d7de2400040ec92fdbf0d06559bf97ad173370a3967e7b5b924
290|31|Canadianism montjoy be clothier|f75463d50a0a3b515f97a812dc2675a733cc97d4bf719a4ab4a8361f4be75ba1
291|35|paunched singlings luresome reimage|056c81cf9a71838b7ab405be134d1cf8c9c413de88df3f9ef4112d754c66f024
292|44|essling genoblast somnolescent fasciculately|370cb18edf416f977d30dd1318de952d909820ce5474a51fbd660b474edf9687
293|39|claviform boarspear consideration doney|bbedcb4a33b431d161d43c2e520032f3abfdec77a4ba38cd3686c2a9d8ff4cc7
294|44|asynapsis Fossoria isobarbituric Lecideaceae|3e54442b4c76bdf4ff2b7efc619cdc408613e9287abe76d5651ed536a0f4492e
295|37|screencraft nonretinal anticaste tsar|c37a2e08e4e1dcb18b81b9d3b0f6794e191de2856d26b4f65ceb7e8c19378f23
296|44|tricuspidate chlorometry shakefork wiremaker|77ae1215b1ed74cfd4765a8ce5eebe23bb1a2c7e97a5be36dde0a9c95071941e
297|39|yajnopavita soulward manist subopposite|811e96bdfe46bfe2599abc3c328f83bb5189f928ff674c975b3a66eaf781b1d0
298|38|patent Cordaites suaviloquence tapered|c0e8f46ae74effbaf242539a9917248c58b54b899b70d26615042ebae05039ca
299|41|hazard dentatoserrate dimetric entomotomy|ddc698e0af7c72c205933fd63dac7566b423cf19b20704b727f635eaab84741f
300|44|replait trochanter fundable predeterminative|4e21042978a314ad2050ef5cc92be271dd2543423c5bfec2f852be30cab96006
301|35|cope eatery tenesmic latitudinarian|27f465222f87f01208c5e6e71e30929d16150cab3ef511297963a54f7c2b29da
302|38|ghizite nuclease acardiac monocentroid|d3cca891c74c8a2173b0b3561eae76312b6f02af93a09af789806068aa6c1edf
303|43|queak preclinical trochiferous autoabstract|ee5908afd8482b1b0d690395f587190a08dfdce2c82d0d02c64957815a32c207
304|44|puddingwife agonothete cithara insalvability|e7cec7b45f91ceea96066fab7912b27126c1336c8e96d2b9a557907008d0f753
305|35|mint metacoelia veratral unexorable|407a7e63a438c851dd86be3bc5e8326aca1d2fb78e85e2ab9e04ae6174ba7bf9
306|38|stratagematic grubworm denote sumbulic|ba770142937933326dd6a6d4455f75cecf8c3d308a9250fd8ef42ab53ed27ed7
307|36|dingus samesome Piranga quadrupedant|7104125f493a3c53a18423c25336f0e8fe392553068ee79eb472ef1aff12f16c
308|35|ion teanal Romanese hypopselaphesia|35de3540dea41cbae65b81a61dad47cca086a76cec86e3f85688700417d501c9
309|44|eponymism autoxidizability dwayberry uveitic|50a564b57c41287697e2ac4bf57517719416fc0ce8c21212253db20d0b7be5e4
310|40|aldime escobita parahematin oophorectomy|d734aed08c36184b18fea6bb6a9674616d640e3b873296d40dfde19b9769583b
311|44|stratlin inapproachably flacket thunderstone|cb4dfea62bc87df66ad25b43f57ddf9d38e224fbe5619ccc925fc323fbfcfecc
312|44|banga circumambience kinglike microdetection|3f0a6401ded6efd30ed1448a163d4fb908d9efcbd2538325854b8b32d25860fa
313|38|inswinger volitionary aguish broomrape|74b0a467cc8e70a32ce6010d89c2c30e6f543ff2b3ed30dd043ff57b41e0cb56
314|53|sacerdotical paravertebral homoeoteleutic misohellene|391c7483ab0476116a6d18d0b5f7a31b554c99cb9652607bba71d447943f8f61
315|48|undeceptitious cradlefellow exclusive mimiambics|1626dbc8fb15a230b3e7c249e02c97af2e2351a943fa0aaa69a4423f2d898799
316|50|tractorism assistantship simplificative unlikeably|430e2f93329ad5de0ea8ede2e9effe1caba1ab77cf1b4d2ef7dadb9514a5f3bc
317|40|vizard phaeoplast doghead horticulturist|f575a2febd71ac4255b20f2ead510347737166dc423022035adbf41c3dab18f5
318|40|rive tallowiness homoarecoline Deciduata|af63f39a6b1d28ad226b3d6c6f9cd5c9594b563ff6f6d80b65c64b0d09cc6e44
319|47|pantostomatous gradometer episarcine coinmaking|8957b73359dd5c947ccbb17c2a2e63a735d9c6139fa0734f7e32300325c86e8e
320|45|hemachate Rouman ungentlemanize lochioschesis|9655056c737a3ded77451776550450eca00bd28d1bd8ab16f8c71b9d03c166ae
321|42|chlorometry doorboy quebradilla cynophilic|4a5462f06bf362649efff44ee1082e18ec7950c3fcd14aa1c8fd0bfbebfa940a
322|39|waterfront terranean intaker unrecreant|8d13252d908152a731505a861c569ad91c6de1ec9248dfbfea99d219af95d6ca
323|41|tongueshot extractiform tenography kidlet|a091ab3fc3dc35984a8d2885a86b6b5a12cd98ef06f7acd579c949058e0611fa
324|38|baun upholsterous hedrumite Elateridae|ff0ae92973f0cbaa49cb403053e8340ddb4bdb5b4787e45733d968baecacc770
325|40|nonselfregarding Tigger Spartanhood tick|835812de9202e68d17fbe4310d74e2361a12b2ac93b04abc637d7fd4f7e74897
326|38|Trithrinax rapid ferrotype duplication|b707e289d1d85c8ce34f20848de2783f6457b8249b44d2653813a6f3f6b383bb
327|53|circumambagious pliableness metenteronic citramontane|b5fdfaaa2dbbec59be3f7e2ec95a22d5b358c0fbcaebb888fa468fa262231e82
328|45|quadrilateral everglade isooleic tetrahydroxy|7729e2a0f1210a858645e3f60e3aadc416425a579b619291646cdf8bb45d7d49
329|37|repost exopterygotism detar minuteman|c58fb353446ad1c1c6ceac54481d6415720c86814b631831b6538727d4f9393e
330|47|myodynamometer Filicornia theodolitic flaxboard|670fd3606c6daff244ba7e1a80aae77de75bcb3c757dfbc58ae15a9c55c81ac2
331|45|procellous carport timbrophilist paralyzation|f659fa880a0d721fed0ec84d68053d49c3f1698e538ad203c6342e03cb5652a2
332|38|helpful sciatically panegoism Acarapis|5f7fa1702ba6fb01f59ba7851d6c37377367113598705eae40dade051c9a3413
333|39|outflue smockless histrionism mundanely|aed4b63c6ce96e80420370575ef38e66996e487a5cba0a5a33bbd79edafff87e
334|38|leucanthous coronad precynical katurai|b963ef72ddbea4887ac69798c97d2a13d4fbb03f0efc1081504442a8d4d74b1d
335|47|transpeninsular sylloge remediless whippoorwill|9e34a904fe5fb5f876c2559da3ef5676ef207245bd21cdb555c2ddfbd2807ef2
336|55|greatheartedness objectation scoleciasis circumrotation|0a334ff8276a84075a3eeef68765a9ea0426f9bff0cc49f8b1ecfe870e956262
337|36|Lucius Istvaeones sparge overflowing|9b64042f21dd848e30dd6c37e545960bf39cec3eed894d46351748be3d1e1767
338|48|circumesophagal acculturate cajuela unsurveyable|6967b3a3cd1bc366f49e14ef0237b0f62e6fff84308f75aca2a5e622198e2481
339|36|manducation unfirmly etching copeman|a6ff315ebda5880e4b0735bd764e3e907fd4e94c478fcc7237f47342c5fc3829
340|51|dreadlessness infectionist timeliness protomagister|7aadba8074648bc4e23de00796d6333f2613d7bd98c9061e610269052ea229fe
341|44|capmaker stelliscript seismotectonic Sufiism|33c0db780d08e4a809a76bb628338add001e12e4b4df28532e8a46bd45421530
342|43|inanimately cosmetology Rhynchophora expert|ad9a54b1de6538ee393d6b2c0168896bc56a7c754539581b80c3c804302515a6
343|40|oxytoluic deludable kobold nonidolatrous|dc5ace282f1c8a0ca38931b4a5e869dc447a2fe3ac9161a364b921c5e9f2c80f
344|38|superrealist exocoelic sordid plushily|a7282fe1f07fe550aa4ac99758cb183e79cc02bd2d1375a0121f4793ee9a8341
345|39|chamite thronedom Chitimachan leadproof|052e8c7066cba90759227914922ec4eaebcd81ca5c4b9cada5ada736f09fd6bb
346|42|monocularity peptize tautomerize Doradidae|a6d4d8d2cae5f18bce959ed818e38117eac0832d790b8623ec61f75447e0013d
347|45|photoluminescent Tehuelche vulpinite senatrix|395ba537e145fbaa03a1661a944d21f9ee74ea113b2e3800974f49b90d58bd41
348|40|becobweb distinguish arsenfast ileocolic|f235731c38d5662743c6507ac2f8d7f79100c5257609aa761082bca37f09d204
349|40|tedescan topophobia somatopleure psychid|1aaae89af3ef9568e5ea561c4c8c0acd228bc63b198e9776178b5118c4f61fda
350|40|kukoline hatchettine pharmic dissuitable|b8d3e031bb98513cfe970f07a716efde98dc96db4465699ddb7a501a5be93e62
351|40|Bougainvillaea unboylike Pauline quinoyl|2f8854dff894b5eac7ef5f58609e1943433ee480c57f125aac94a26f6f682ea0
352|43|ductilize epeisodion cincinnus nonpotential|eb58d8e517c03c4ae1c1000458aff206f2eb1666de2a71102ad25a2629cf42fd
353|47|mycological commonish crablike photochronograph|33fdd3d6426a23a4df56dc390b54a02410782fdce639c996077b3dd991a3de75
354|36|vulgate recension campimeter piffler|64b6b46d831e01b4cacfef1def14cd9a33ce2ad78fc8073ef68b8eaa08574159
355|53|otopharyngeal doggedness baluchithere sulphophthalein|dac1bdf7c47ae861419b10170dc71ab2e70df951743edbb823b89f069ca3c62b
356|37|Tapeats Isokontae theodrama deliquium|c8992cdcbc83284ee1e783942562f034165e5b74646caccdd6e628425823b453
357|39|vengefully vedika aconic malinstitution|63dbdf4e63760ff81a727411d7a9b169e1c5a79da709c259c0e5900b234c98e6
358|41|Cucumis massively foreclosable rosetangle|52539af94501d410552dbb23895e8a1ef9f4945015a772034efc3f99e39ae563
359|59|panphenomenalism fatigueless pseudobasidium gastromyxorrhea|55d77e13a411301098eac950e472a09590b780c82019737f2a5523f291492223
360|44|pinnatiped substantialness agenesic seminude|9d5ba45c772cb88d01f718533ae89aaab1de16ba887a0c0703bbd8433d9daac4
361|39|Miliola chemiatry scullionish confluent|45935cef50ec09890b1d15853ad3f5e0e49e57d77145f598ec67a806d914b77c
362|40|hylomorphist nidulant Bavius meniscoidal|a637de24b77da963e0d928864b056d0570caffe3d0d9f7aec8f32a96191f7313
363|51|rangler kaleidoscopically Platonically serpentarium|04dd6c01ca490d1fec47d20d2b7752ebed0e92289ebf72b8e3e1122ef60908f8
364|38|ascetic caroche Simosaurus angelolatry|c52e6ec117adc9c866309317dcf41164cd954d2783e26b0809ed18d74545870f
365|43|zoophysical outtongue numble imparisyllabic|ad904be8dc119148e347ffbd845fb8cba62429a94b403592c38ac069ea40dbb0
366|40|nonfeasance saying pretorship naturelike|080c6cb5505e6c0ad9383542e7791d83cbf632b39b52c2e91cda9ea533cfc4da
367|41|carburization batcher Vaseline pleromatic|8e32e80a5ca2d0ddff56860c20b28655a7ca1f426ce6582a96c2f0758ce805f5
368|39|progenitiveness unlodged fetor Charites|8673034833fc329c2e3fd5cd950f5df0c164ddce4a13c000a841b5320e756830
369|40|blastment rabbitlike Caprimulgi readjust|e33171ba7cb485805bf9dc1ab88a514419ea3f8161c172b4220cad18a55c037d
370|45|tastefully unsuffocated polyciliate nonflying|cabb0745f7f1592b52ea2cc5ba147515f59dca7ca422d268ad5edcc8d7ec0d42
371|40|dextral school encrinitical multitubular|3d202843db94264d658952965fba19500c7aecc0e0e72af7b344d3e5bb085e06
372|45|monilethrix medrinaque insaturable peripherad|6780e6c879522a91b46e4845c6cfb6b30f44136f90c7c03dabe19c86ffe462e3
373|34|grabouche ethiodide harish gestion|284ce69ce0c6d962d1cfba782ac02e2cddc655070662b5712b70b32d239aaca7
374|45|bargain Labrador Ibsenian pericardiosymphysis|6c15f20557c1d948202af0db300935069fe812a0297a27815103b7df47800300
375|36|placoderm exhumate cheekpiece slatch|5ef42f9b73cc7d1424f9ca20d468a3fc024f37f5646423ad0838a7617bf5ac9d
376|40|sphaerite newsteller peltast kjeldahlize|90b5a8b6f84458aab1821076567bd5ffb1a5605d626e69dbcc5c84102c30d758
377|47|subinflammatory convolvulic chaogenous fairling|0b3cc82802fbc7a4498dc6de52608c61c7704b83c37cee97ec44e0b9eaf0514b
378|35|copepod beveler shoopiltie towerlet|6a127d56d24d8c0a3b89aadc14f0a19260a8a25b4a603ff656a454b35c8fb45e
379|47|idoloclast cryptamnesic pyramides adenolymphoma|550893414b984d4ed4e31f700b531382e608fa2fd8a6e85ee5fda309305a4788
380|42|legginged oxheart wretchock metrophlebitis|e92ed84aba85e17ffb2b685a8aa8551f5cef4cb03c5d3fa787f8b4f224a15933
381|43|adenophthalmia unadult miniator unrepliably|15affe1e52300e4c5a0b61d99b3526d13d9cf4e988fb09b0dc556464bc88e084
382|48|bietle emancipist bicycloheptane pseudobacterium|32a3ed28215b1ef31b770f7f543580eb2cbe18bcee3058f3c3c1acb6a77d9b49
383|42|fenestral Johnian tachygenetic defibrinize|08f8d2edcd2d6deb1aa8ad167eaba9905fa08d63e29ed415584953173e4c30f4
384|40|alkenyl stipply beweeper incompetentness|00a8ec303e21dd3b335e2a80e3a313bb65af3515d0d238f74e715464492dfb2f
385|40|horripilant beknottedly spencer unattach|3ee304925ce5937cab6ea0e3ccdb0f32196ea28ec23a9d86c3a60e745634138c
386|42|Jainist erase retromandibular suspensorium|7340cec3cdf029f4a7b0b4a7756db0d8e43b8a60ef337d35ee6ac34ac114856a
387|30|southing vintage clack indexed|6a6f1f05f4d47e7cd87d5982709d4550878bd16e862c0bd1205cc9ad66baefd4
388|45|Celebesian pantophagy lipophore dolerophanite|5fcba72a794e5fe948739843a1418d70beea48c127b320b15693fefcd8653546
389|46|pulsidge disreputation Gelsemium Campyloneuron|17d5925fd146eb71cd4601b5c9a15be3c8c6fb642b1fc09c23590639332ab0dd
390|34|tryma thalassographic Udic lollopy|d6023915762d43ec70a36580c9f6f4c75a569da0bd0d94f18f099c93b8cd3d8d
391|28|jeans ranarian hardly latomy|7b91e7c51eca587f987c0095d78f2bb749ff2f8fac5f474b7fcc65e02d886786
392|42|prideless hawsepiece mesoarial rhetorician|2bc2488eba6a29c397d125d4c592021fda3b6f46c4f41d74592fecd309be2fe9
393|34|mockado pilcher beaverwood swithen|1f8572853d140e6e13715d1b292be615387945a15d73be5235f5d7162b46e197
394|43|arboriform supportable aperispermic forgery|cde6bbf30b9524c67e5d5e7555b41060097b18a160c0ec8c611c512dd8c6ed63
395|38|pediatrician roughener overknow diving|f124a6155e694556d262a4d61a5a9d99ae6984160b6da12e26512154f57f638c
396|47|dionymal petrolization benedictively passionate|1ccf5d67c93ffd81c8594d26937c17f0fe2fc844e8c4d7d07ec20105e5384598
397|43|frenched Algernon illimitedness Achaemenian|ba3175cda53aa2da75b0332cbe014f54d788a0e501511223d992bc968c9f6864
398|37|unmunched lithiastic eutaxic codshead|6c127ce53a0e5250695d7cbd6d566948c7bfc9093dabab0d4fd4b5345d98e99c
399|40|Chaenactis Camestres bestraw unnymphlike|35695c48958a9b006975e50da5b15acb9c31c3bd7486054d12768a45de84feb5
400|36|pronymphal lollopy damonico planform|d8605d7be3640b96f91a0212a7779466ffde4447d328ca62da2ec09c67a5b776
401|38|interjudgment Campanula hollong hieros|e340eacb1bce583fb703507d7a889b3d909d389c3bd7c3a47300c220484fa72c
402|47|pistillody mycologist middlebuster orthoquinone|48ff7a9af531a287fc0fbd51f9e2b93a2a08a2fc5e4f7739025904b1eb067957
403|49|cranioclasis lyophilize gynocardia proletarianism|9d3b9b04330cc995e9a5cf04cd34d94d408564950493fe6fc4f464a279085742
404|41|Typotheria Palinurus miswed reverberation|a46b5fde1e78fda2f4fcf5ff6927d88b88f66a84e8df9b922741484b5880b08f
405|38|muggily ragamuffin ranksman interliner|3e568afccfd732e91f0038373295343bdd7f6f8f02bc35f9c4efce2a20e1d913
406|53|apodictical hemopyrrole vinegarette orthopterological|f83963befe25fb0cd8395861195b2593b4f5343a5bcbdddd2ce615acd7761733
407|49|demountability squalene touchableness robustfully|5c63fb5cc6570e8b73574c2ef38e58a28fc6c0e61a24fdf1b33bbad5790c1ec1
408|46|proletarianly trinklement nephrogastric ripost|74481bf30a6cddb2e5defa20f7cfd5e23d120bbdc9ea549449921593c6c540c5
409|39|pencilled modalism thiswise omnilingual|7873963c133b694b40a1a851ab0e7050bf6036bff71ba633623cbe396772a23e
410|32|oe Cantorian cornuted Weinmannia|a3a9cd57b91f3ad9a7a179f85be8922f589e233d6ec2b6333880d31281c667c3
411|29|Knoxian Jarl Chimu monothetic|977108ddf04a4313b799457033b737879ad0f374a9103ecf4928540897ee3511
412|52|Scaphiopodidae palaeotypical ramentaceous siderolite|cd5db984f7ac3cc0a61565ae4de65abcb3619f684dfc35f4440ce75840ac9b31
413|40|Pituitrin peroxidate frightless oxalemia|7645513fe28839561e2096e5561d592012fc71f277d4af442caf2c4b71193a80
414|39|befume battology subincomplete organule|885129ee0271cd2ce3a03b75cf75e38c9458f802af841dc81369fc0bfff95bd8
415|37|Quinquatrus lilt ebonite tricarbimide|ad487dde499f1456c04153a3da90629d3ec9ddf6263596f89a0822462ecc69b3
416|34|unvoice naumk unscrimped posticous|599aed8d1c736066707197d6a256cd7220ba457449b853dfddca1e97b70b05e3
417|50|wheyish resequester metropolitanship dissipativity|f7e1075645cfafb94964e7c6b116a6ff43e55f4f8d53be5049508aba04a48d80
418|46|fetishism gnomonological untastefully subsynod|f5aa3e5a0e38bcc8299ff5de5410cf3231c60547ae37934056e1ec0b8370107f
419|50|fringilliform wrongwise tranquilization microphagy|90e32b3a088db849215c5e59b81d3b9c2e16f38b1bb4056529a595c8e398f4ed
420|44|heteraxial teletyping orseilline Monopneumoa|cc8708f23d9f9337e574207791eacb593e5cc75b259207d70599924f93d796b8
421|33|piecer unfemininely hizz transbay|aebfb8da19c655ccb8ae532fbf5a1884ba640004a9324b4bc3cffbd63e261bf5
422|46|posologic beaverlike attent oversimplification|d20916015d7623664829198aa15fa37542d9b5c3c56d9f01d55fca01d3b49c7c
423|46|undimidiate unrequalified frounce mesarteritic|806349e6d5eb1ccdbf12193a985071919e99d6ded0c721ad007fe830e289ca95
424|41|unresponding cocash Hittitology polypaged|22fbee4d84b212153a75d921aa00b842c83d7fca0ea7d70827134fb70f38199e
425|32|nitency kermis molecule ensilate|66b91aab8cc06077742be9dd60091e3f071d7eb3cd761d3c4b0f2dc50a8dbf47
426|47|unhelping pseudoancestral Fedora apprenticement|5bd82ff8b5fdb10fcacf2bd1bd8593291d654d883680f2e4a9bafae94fa10234
427|38|furfur cankeredly shinning menthadiene|cb39d1332640b65aa3d2416bcd679026c57728121e9ef9a83d72de3b1a983600
428|46|acetbromamide personize pignorative misbaptize|0da63fdf4a7122cfad0a3fab8a701851195ec9b09e5cea3437b93089ae8a9a10
429|35|Adicea synecdochism foreshore foxer|8c57b91c10ee1fa8b3257d57c0b8925fbff49c4a88743f4d5bd3cf59f6821b6d
430|37|spoucher eyelid oblique perigastritis|62074eac4c7e8e6e20ef8545618510250b3795431bbfc0b839445b8607aa38c3
431|39|merosome Luwian transportal escheatment|05604fe37a34ecc8eca083328a67b1a869da2cbc3342822fb850dc39e075c62c
432|42|toponymical reconceive voeten bearableness|02eb57eedb545b176c018af44d3fc3e0ddbdc765f4367bd66ec933fa1914a48b
433|37|tubing Phoronida sacramentally poplin|732f01e622fb0e2d9ec2d4ab5a798ecfa479cae23f27e35c98e952095472d640
434|43|quatorze backwater superinfluence aphrizite|b41d9b638f0330bc5d920ea8f29e39e70bf534780164a1c3d9f31ff83a39d3c5
435|45|Mertensia reforestation campcraft antipooling|439ab66449703deb0da7a7b4ac2a2f31bc7b31e9528444b1e1311af2d587a558
436|46|disemboguement ephemeralness conducingly lyery|6ba5546abbc83dfb23d22f6155a559dcd2c9651b006e5438b68484aa3fc60970
437|41|countervair Salva succubine antapoplectic|6f4308b3c08347c3165c913447e96d5aad45509558046d9b722a81f9b7fdbddf
438|43|placophoran infertility cormidium parameric|481e26324731e35db88daa551e9c4bb87e0914ebb1e318b00d8b16438cbc55d0
439|37|papyrean libant Dyotheletian sportive|d56382bca3a11dc32192f986a5bf442d327d35b8ff87c0d8f6e03d1a07d69e66
440|52|unopportuneness unveracious unexceptionalness morale|d047f6d30599c52dbe5dfc0d6153112666b64d3435f25bf9d0c79bc9eb33ca0a
441|37|uptwist Tarahumari stiffhearted ulmin|f6a56785a34be26ca748c9a80376345f36cb00765a1350008a513959cfcb42ce
442|39|talionic entreat unsymbolical ectoplasm|5ebb75e04a1d35129d0d5e7fb43ce3e89dabf40d7b83f6c2d4bddf57c9b0688d
443|43|accommodative dop forewarmer antidromically|ef42dd57b4bf7e14160da377f56edda2dd5ea5b9c74f9d5e139e21ca425d8098
444|42|macropetalous methylamine joggle prodromic|1e784eb4ec25f81e1b7333afbab07f7fba7d291e0aa6dce730561cdd326bd4c5
445|37|asmile supplantation precursory nondo|529fc11e6f6a1331911e08c29bf6f66921af8fcaa6d0196677e74a16cdf7d2c3
446|35|obnounce dutifully richdom feminacy|b3b6e214314a5766ade94f701664f0d3e6317256f7f9950614d4483aea745ad2
447|35|Ortygian auditory beneception muffy|070e065015e3febde3ba449748390c066678da7468323ae6f44b7fc8045b3e3e
448|41|glycerol palpiferous interjoin culturally|9f1f6ca6dcdd4af5cd8f873b9bce311b17fa97aa2f6170831936f344afd508af
449|43|sunbird angionoma filipendulous odontodynia|8832849f263b49bff3a9573e8fe763ccebfb7550f18c4da7fc0991ca6d567fb1
450|45|chondroskeleton counterentry pagan cycloidian|33680cc55794e94bd1e28e6159c725690e4f9156551391a185e8bd68599aa56a
451|51|sarcosine algaesthesis infundibulate superimposable|335341175dba6897021668e6f86712c941c5adb03c1d3a6a0ec38cb96676edec
452|44|bejant helminthologist accelerated chunkhead|84d6647b185788c30e475cdf501af9f7b253f5ff16fc53fdc61f911f60607b2d
453|40|pondwort antacrid actinozoan netherwards|0575f6ed1164d506781f07a62d9bf181186bfbf0d6ebd131401f7b340dc91e70
454|44|matchcoat unutterably Kimeridgian macadamite|7551b393eea544a36c0f4143355330f242f9ad23325dbfc312ae5df783d85266
455|42|ebonite excalcarate expend probroadcasting|1dbc52191cd9cd56ac2e47636898c1e4a04928fa1b5c67d39e241780504c7e54
456|38|sacrilumbalis stretcher flaker barkhan|835f973a12d3716a2e8a529cf21cca0dd7ca53ba11ac00de3f439b58015b530a
457|42|cookroom unapt acetalization muddlebrained|bde2e019f35bb90c5ed761bf179edb8f2cdd3e6d201d0e25549c63750b47093d
458|34|alight debonair unpraiseful untone|52fb8d4aed1bde3c5132d004a3f6d0eec7fac47ddcb7b463717ad0594cd00b5a
459|32|winterweed loot kronor undignify|89b98c40527c8ff9ebfbebbc160a58c9d1051e0f05548c63f9c723a65ff07d60
460|42|pluvialiform dijudicate precensure quabird|d9857d6537e7640d55524587ab147b37b9edb3f015a0945eb6e03ed68835497d
461|38|ascriptitius cutidure hipped masterful|670675976c28e270fd8cb4cad083922ba85fb8fee7a33375cb07abec3fb8b190
462|41|upheld prothallia telegraphical meetinger|c140d5c20dd8f78d8373acf7bc279b49d1d659e755352de6f3377f50095fe14e
463|39|stummer tonoscope otomycosis oppression|80620bfc39d03593cf9f3bec9e1b9daa0d86dfe52316d52f6d253c1d518e58ff
464|37|carbamido Alopias sitosterol kinglike|101bf169285b688073f41fc951f142527af5254e06626f2b6ace017ee4b38844
465|33|rossite venous armadillo subtutor|bd995fbc1ae590f45f66e5a4bbd00bc9dd6e217adb1a97336bbda01661c250df
466|33|footboard Turtan seltzogene Ortol|4fb7cfc2f0c5bd53fdc333215d9133d8bfef8e4aa61e197da0b74abb7c768b34
467|42|Jemez omentoplasty ereption overfellowlike|ae52b8e7871c50bf4505b0092bb982a49f33a01a85a09f4a2435dbbd8437a648
468|43|zygodactyl tutty woodmanship glaucophyllous|7bce94eb114e8f860f244eb68d36475a19d093184ff550bc649423e8d07e4d01
469|32|ligas prewonder garishness logie|2b5d974dadd2e2996009d637698726e57cf1045708a8e8cc542255ff9fd839fb
470|40|photocrayon nonnitrogenous fan basinasal|172b42c37d84960eedd9d3aa506e6dfd6c72080c631e777304274e0df2c51ebd
471|46|repromulgation ginglyform dargue multinominous|8df92a639e635d86b107edee0e1def2def22f9c24e04e42895347b5616fef60c
472|39|quoit thoroughwort unsoldier sciomantic|a80b0f1f7d399ef6fd36f4ea2e1619a78c8fa05a72afbaf736e5626a7791512e
473|36|lopper cyptozoic quillwort tertrinal|90e030f372d2a7467eb1544433b2044aed0b350562b36b01e65b8fafff9fcc2c
474|34|subramose mise Hypoparia polyphagy|570410bc31f7c28b94e96ea3be59163bfcf23cf3d198f3672e34006a04acd1b6
475|41|Briggsian bespatterer Jewry nonrevertible|bfb96aa46a64842ed55071fa29bdd077e8c093c5f83b5434508bfbe07a52c574
476|38|fizzer discursively pithwork coenobium|0c926ac811f6987ff31ad3afb5296d759e5e75ec45a63fd5eb4534cdad6c8eca
477|48|lucriferous supercandid schoolman diphthongation|1337ca58c4e678238fdf43da0263fcba66f0fa7524c6e41f6ba0a1b57eccff4d
478|31|decapod toxodont haab valleyful|863ee07b62332e60a41b04e45443fb42e51fc7255d54308912b555898f3af755
479|42|estop unsightable unlaudably supersympathy|17ca6d0830af9a1c5f1bd40a072001639df8dd8ac6e30909759c925028215f28
480|44|unsingability curialism laughy heliometrical|5896755201a51f5b4b9c748d7ddc790fb9e2a849c48e6515f515a9bbd1defc6d
481|43|unwallowed electrodepositable yarm shopmark|e8562690de2b4e7f421662abc02821f7594e7e57d7fbc231ecf41e23bae0681e
482|40|bulletmaker morningly Sere revealingness|621ea6ae747de46da0da124bb6464ab903fe1069b0c997830350d863ee0f099f
483|46|sewing Marmosa intracartilaginous Rhacianectes|054c4eaa90348e08dbe278f08744abec1bcd45fa4c1f8815fdc85ef445bb6ca9
484|39|explosive Polyodontidae tautirite tabor|009caec4815234dc6ade547d95cbd669ae1e20a2fc26d9d1a6f01bc9c90c8ebb
485|39|freeing busthead foretoken tetrahedrite|87e562457cca519726f61c7366584be7efed7e9af0fc2af8acc111074032b737
486|42|deboistly cestoidean ungenerous statuelike|da3b372c1c0c4c06c9824bdff1c9d00fa45320ed3f63e747c803d5505e9179b7
487|38|relicary implasticity binoxide codfish|e83622e05b8e0ba82801b25f868ab44d8b8f960b3f2b572295fd59f202f31984
488|44|atabek dynamitical glaiketness Leviticalness|d6a37f3ba05e48665d6464f6689257562a834120704d4f0f56bd89370edbe962
489|41|alacreatine extramorainic Hopi wondersome|40719febf253310a955122e82bfb8d74f57aa7ca8e4d9e8013189d85ea7ba232
490|37|apepsy wreak contrafacture afterhours|d30372e0e504bf1ff505f956e1a4bda080fd554b44df18fab5626894decc9c33
491|45|metaparapteron pulpitically Hamilton foresign|b87b66d6083703ec864561cd9ad5368663f7dff980cb250eb2dd0d5722c7c3fd
492|51|strangulate Elaphe laparosalpingectomy degeneralize|8bf47f6bb7dce23f9dbc4e2d06f0fbf48ad9fbcb56e3d889c20a304dba5105ab
493|47|phraseological agamic megasporange plessimetric|18bf8fb55eebab921d23619dcc03e8475eff034b2861a3a4fb9a14f10d73f504
494|47|satchel unassimilable educationable micromyelia|fe0cae4e29697c83a2679308a86c4794f65fa295861fad3261d7e5a2c8da6ac7
495|47|dissoconch potlatch Sacramentarian antiplatelet|6fc9332b36169b09b820d5a9ffae0956b22a1e861e46b1364024a1cee85c4eb4
496|36|skunkish micrococcal polyparesis iyo|bbe565e1a2c296161f75e6fbd5ee3467ba443113d8ee1fad94091f11aaf22812
497|33|invinate pantod tympana Argentina|6f2e6b553eb2c80736fb576d41d83cb9d103d9491d254df6f09d9ba1818ee573
498|39|draggle prevalidly holotrich inadhesion|427fb96481683d70694f9232c185636bd66522e48baaed223d47069cf034a3e9
499|43|phenacyl overstrew underlaundress unstopper|000180a48dfdb4d4be2aef626730b915bf6ffb04fbecfe738ebbe05bf4c6ef33
500|48|powdered ureterocystoscope epichile adulteration|927d14f6e2333f7a8320bd797e2eef94dd68f2b70a7299c5cef317e81e0539d5
501|39|albocinereous nemertean Cicadidae maleo|f073b50a3b67008f7b0154d4036dc28025ac2c6c63a36b62bb4f0e278d6957a9
502|42|parsonical leastways unindwellable amreeta|68aa6b068510f5ef5ae9f0859c0893fb8aa73eff7ccace32f3488129cd909624
503|32|fixed proetid adultoid omophagia|577ef8a1e2dd67c1a1b0a4b203dc810fc9c551852cc2e25cf71ec216c22d7952
504|41|Cassiaceae sharp hungrily demonolatrously|85938b30b47d9010d302a55299a77e278c8ccb7d58fa82880a306b15ddf0575c
505|41|undarned decennal precartilage Childermas|0140bc495f075cdacae026756abc42cf309906320be8076396f1cd8dbba938e0
506|52|soapmaking Solenodontidae sesquitertian uncultivable|6d00ebcf4885f3e67e7c810577716e19787f104beccd34aec096c61a0bb33130
507|37|funnily pyocyanase Juneberry sibilous|ae1fabe7ab48a6d0b080038645197cfa18f5b8efabb42c86f0094e99d2bb9050
508|38|bescour microbium hadland Bostrychidae|e3e08a0a8097bfe8b61cd382c81942e3a6645e1964e8ed65929518aa282a2daa
509|45|decadentism blowpipe tetrapolitan slaughterer|d5e7b690b9d65d3cac3655067c970e2fd9df160338db9fc11f559fc2de221548
510|38|introit protogyny periastral appointor|5000f2a9496c48184cf5fbce98b87aa5127aff797a8a8e341c951281411663e1
511|39|unpersonable subdeacon undersap Dimaris|f18a3568f8ffbfaae7b15d971edd5c416c73e72e0fe86d7996b694f768bf53e7
512|50|polyacanthus undiscriminative responser associator|86512c309b118555de6417b2366ee0b68efd8ed332c76a669b542a94f27f7e6b
513|51|nonregistrability overbarren pussyfoot selenotropic|df775f1c18e5e1795d0a1debf70b5a94241955a57efc2fe5aa81e9b1308d8bf0
514|46|Lucrine bayard incontaminateness superdonation|0746a2ffb03cc269b202060ae38a85ed868c63fedf01baffad4c7f1119353939
515|46|ceilometer bifidate Istiophorus quinonediimine|f87c677f54e78f6c2f006f2746bdad9e2d6c067d7abe8f374c281cd8202edc3f
516|36|puntist unruined nervulose Belinurus|3cee03ffd93e57fd3d6fe26237b4259ad1326a1a5884bb16e52a315d92631d32
517|44|overravish whisky grandiloquently songworthy|6cf2577cbea593f9cce344edb7ef5134115019ded5dfe8845b020df1e0d6b35b
518|47|mafficker Landsting complimentation tarradiddle|eca5ed6f30c3bd7dba4f2bd168b77d348163ed4d0af2aed2c29accefccb42732
519|44|girasol oligoprothetic intersession Euryalus|57b1c71e001ae31609d87bc20cbf8d5a401fd4481d22cc23778785ae1532392c
520|45|sphingoid beggarer sterncastle territorialist|582f50f46e58be1d1e0713d945f7ed72ec3af3404e43d01a68a84a0eb8e4c281
521|40|nemophilous adipsia matchwood intergyral|27795acdf8fd3973ca537c487cf437642b171df45d902cd9eaad24a8257aaece
522|44|isotrimorphism Delawarean surnap intendingly|fc3a1df95a5dee8150e33ea712b5e24e6cce1c3b6b5eca004276e66a8ad94cba
523|43|trussell uncarved preoffensiveness necklace|e6dd76479e09f904d7e6f55035be966fbf8eeb7d880611e724b0c1f5809d0bf6
524|29|bowpin pomerium Sida affeerer|7c4d5f64ea5db45bc7f39b47b415c31faf6e7fbb8c979f0d26c8009b44f628de
525|31|tigery exorableness pined Gesan|a918dc43c2f551d398f100e16448dc66a4690b2635447a401ef3dccec8e507d5
526|45|aluminosis jumpseed commutableness chloridate|c2c0a2bb6fc29ffd94d67baf0db7d2b418ffd6808fa0d090643263da15e529aa
527|32|outtalk talak brewery anhydremic|f7196a1883598c4fd0a37c8476cb1e9ece967ef719aee9e4fa1c71035962004a
528|51|kiddushin unimprecated pseudoperipteral buckwashing|6fd54af03026db02e6e1c8e396008a4ec6f49950c7c4ad29e5aad2eec147a196
529|42|Hoosierdom microfluidal thallodal sonobuoy|f2c9dc2149708d8202b47f5636c73c12e2fa8c9e2bc0ae79550eeeaab9e8fa38
530|31|jocko sorites dragontail sendee|824d21c85a383b3ff7035c12ad374d4926eca5b258b4b2c77bc4ccd483145b6d
531|39|locky apiculturist persecutional Rajesh|336354fe159c7f54e3bf94cad7f1a7dd1f908fa687da27255d0a12599ba7b3dc
532|39|streetward hematinic initiatrix Moriori|31ddf57c2a5411d1ebdcbe56a64badc187ced25bb59f8483fde5eb64aa0ef475
533|43|pepperiness afreet sinistrodextral lovesick|e671313a12aa868b7a56bcb68e578dd47f6f8c5836e33240d780781955e40bf5
534|47|ommateum metabiological hyperbola preperceptive|c143ed36b9723a9b34e5f4e047cbe57c4ae5a7f1dc5ff91879a37bf72593bd2b
535|38|drumheads preremit archfounder pucelle|592b85f19012f19ad2fc1c9e3d48eb1eb961f57fe43b14d39af80776c7814d13
536|39|iguanid keeshond strainably postcentrum|d3c289db7acc5278652083e1862336ec8d833355fb5a4fd215985ae2264bf71f
537|37|Chimakuan Hesper semipronominal moron|17e46bc4ef7f76183ccfe41af635847513e171a0aa9ddf7102b0a9a1f8678ea0
538|39|breekums hardpan toxinosis tarnishproof|4331aeec9826aa56e51a5faef128849edd4a46c3c338bf4480ff6ca339380d5a
539|40|unfaceted sciatical odoriferously unreal|e2c798b5a40b0b27d1b806d9a2e2c2796f1f1bffcc5614ea057745bf6e92bf06
540|40|nosological codist tyrannial trophotaxis|3cc291f5e06a136f715a9e7a874e1dffda3deec5f765a1f0280e598d92de36a2
541|47|predisponent feower stoppably platystencephalia|ccc5027259492ddfd38b1b1a24fe0b263431c7eae89ca312866e5a7950bd5d8c
542|45|aranzada intermaxillary loathsome amadelphous|4f9a620d063f4ed72cd8b693edaab24f80b60cd9be3b2b6d890e7ae5ae65f424
543|50|quadratiferous rabbinize Siphonocladales Jesuitish|4afea52af9d737aca9b927360f10c955675e3318a11cf1457a4acd4cfbf94748
544|39|deerskin postmeridian subloreal reefing|91733a23942ce1a3cb7a063e754be23e77ec26e2f4e522ce06f8239f4a5e7d81
545|48|wasterfully metabasite revolter anorthographical|73a4c68a578b5afb056654a91c64e062ae9885ebacb578526e32984a917c18dd
546|42|prelocate dalton stercoricolous blithesome|37a992e0ea38764c65b3a38591f08e9bb90abb4caf111f3767cefcbb2cb193bf
547|34|unfully procereal inbreathe squama|e5ddae721975d82443d8f172d4a7fc35ce33bfee1d259ba793d50ca73aad99de
548|32|toadyish subpool overnice nipter|0f6e807d0f80162115ebcaa612d5fdf47e864584403a3941093c84fb6af564a3
549|37|jejunitis chinching hallan dezymotize|5c5e8763a535b221c2e2515bd24abe61cc15eb5be76bf399ed703b8c73aaba1b
550|32|tarsome whoops xanthation decene|3772a8296ff11e7d9c8c3989ea6540366fd3ac4e6c15fddc4f202a2d417fe07d
551|49|hemimellitene plurifetation parathyroprival fried|734c3d3317070e205fde77435f701cd7957fd54c57027021974c1f1bea49521a
552|36|panacea scyphistomoid Mes preaseptic|281dc8f6916e43d807307339ab2b3f5809613da6a86023006a764f1fff2a3b1e
553|42|caulosarc karyomitotic goody discoblastula|1f1fa0e80f6619824903f656d7e5d80b179589f4c4834f13b9313768726befc8
554|52|piscicultural monarchistic hygroexpansivity Joannite|d068346b574a6cd8f78c1ba9a83372461e667f97bf0d35dca30d9e9a69f87cd1
555|43|Pasteurella wull nonrelapsed insanitariness|cfa340ca0a9eba173699dc154aae205286fdff4585095c27ac4317b0a77a1e6f
556|41|Tarsonemidae stenterer pustular obtention|6e70cc8ea75600c49d7db43ae70825a4072e343217a1276a589fde8f74680ad2
557|33|aglucon zirai Teutophil visorlike|58298925a015c18511b1da85ad8b9a5c1b3da35d4869236a9584d17b22043dd3
558|44|youthfully Campyloneuron pyrite hydrofluoric|29515567092a8d3731b0def07bb67f80f1139c9f644ad00aac08b6cf183ed68f
559|39|perkish pathicism episcope periostracum|cea28f2a1530d3b673079d9f1a732785b0e70db4f193bdc5c75462dc13b3c86a
560|35|spasmed opposing Artemisia chromule|0b4b3429114f082f0fbe741ef439c06c8a7f3ac5bc9fdaefed6d3116268ab396
561|43|reputatively semisegment teratoma residuent|c3f6bc825015eafb1c2b32e0ce9c0416a1ccaf03098144bd4aafdbd6f1282c4f
562|30|podagral myriarch unfrugal lid|40c6fa4692dab9d54bf46f0112f7402b9f43e269d963b3e19f8703ef43cd2b9a
563|39|devilism rhapsodic Hansardize thelalgia|746761850581eb1595466091c141baf5e54ef0f303e9ba5cf1226eccf8427676
564|43|metabranchial criminative invised unguicorn|d4bbeda7345b67b22ee92bbab5a07654ca533d2dbd04cf513226bb6f55b9b6ea
565|34|sabbaton upseek blackland drilling|57bf0175e9eb600ff8b099d6f2583612fffc37a4672a05286cbaea211334fa31
566|40|remilitarize applausive craniotomy grego|b2b3d8132ee54bde684c838b20393ba149725ff381c9a76ff5b530887aa9d3e4
567|41|penally unwire unsystematically Hypopitys|5938203fab5c47f20a7ea69599d6776275fbdc8becf2e5f03e3295379eb8d0a2
568|35|polyphagian tasted vane justiciable|b9152de2c7ea14c8f2fe3a096cf7f5dc7343855c28136d95b21a27af6d9fc6bf
569|38|solidarism gonidangium saltier refuser|fc8e0e10776b769b458e2ff8d3908a8b7511fcdb200d2c7e00001bb27469ca8c
570|46|jambolan cuneonavicular tenability permanently|46c2458916772fcaf4ea64a2df09123b7c91191c012bb2a702900fa060ec4116
571|45|amphigamous protectorian estruation kneadable|0cefe56f08f11bdb8a0f7f53b89409f573ff8ef6a87717f5e74303f67a301811
572|43|interferential whim fairyologist hypotensor|827b599ef47ab18d70cd37f2fcbddaa28cf0d06c238b1dd24a143f8b6b32376b
573|49|admiredly wandflower anachronic individualizingly|532599e00e74f67734f34d739b0b7b3b775a62356133001a1ed5d0100128f7fe
574|49|federationist Tubificidae tenuiflorous rendezvous|3f32594a2a971504ae424e30c209cf4c6c432685ccd029a066e517a548073e77
575|46|Laurie hepatotomy discontinuously hypogonation|237e9f7974bff2a14cc48ac6a579532bccc54d8aa780e265e8ef16dd394960dd
576|44|extended Gyges semispontaneousness overreach|f44534faf540ef323a04d4872c8a69af99c24ea0699341df2bbd4285fb429120
577|35|Florida gonosphere sphenic Pelvetia|9ab6dc380c8e6065815cd1d5b4248472513f90caf32dd9a65426445d68a9754f
578|32|Magog parodist rexen contrayerva|8cf3bbc02d1cc0cb6bda5fb3cd37db54fdbe23c826b31f619fddf90aa36d9338
579|47|Turnicidae dexterity vagrance contrasuggestible|50880a955e0c486963ffea060ababd3779c6767cbd542f3dc80005aba7851ec6
580|38|unveridical mooseflower popcorn idlish|6a945d17a3add7015e45ccbd6d52d8821b102eb6521bd85b01c0ed5625de1b3b
581|41|humeri Duralumin unmew microcinematograph|45c3c7ac4e226cc74f45e8da557c74404a998c276635138a044012e8883a8fc3
582|44|Acanthodidae subbituminous shathmont mugient|d61035d303e1cb365471801a3ae8a31da2c9da62ccfce6693d89696caa8eba82
583|40|naphthylic nonconcession agmatine violin|eac6e5d95a7e59884d50846dcedb59ece7a04f0af55994c108f672fecfa2f086
584|43|pseudoval unfestive typtologist pleximetric|617fa91352e65d5a3f58b410b126c4183c7ef44b8c1d240c7305040a657a3aac
585|33|arrestable diastolic tibby roberd|09ab94bbf82409be6ef94e87f16342569a5c58b4565ec0af85117bc81cd8018e
586|44|reader proclive cyaphenine unwarrantableness|279838297ee339bf7777bf7df14d843974f000698b7a2cde2bfb46abb0138550
587|41|swinecote twitchety unflattened Sarabaite|0b91ddce8fbc90d2d83beafa566508913a1bfebd18967fb35684541432ac5f3e
588|49|typhoidlike daughterhood staggerbush supergoddess|df02b890c25a4c122519fcdf6e2e5dad42f03c7426036d0b544cd7dbcf7b75ec
589|43|pinaceous damages Homalopsinae paramagnetic|1c3d6b2a8c125d02ee80f6512228ef1259946494244e4f862c6b53e1069707ac
590|33|peat overteach aphasic issanguila|c6376eb8651743d469d3694507bb691365b124bf50a5c1f7b369ae5e20aa474e
591|37|junectomy waterwise striolae starched|8e0435854a8282b9c9fa3a19faa97bcff67709834865f902ef391365fec8fe50
592|46|feloniously koppen histophysiological rockward|8767e2066141f2ec78a56bbdd6d00cecb7f1e5a3ef5e282eb87b7060b142ee8d
593|42|crepuscule pierceless dentality unbelieved|2c9d7c150a3d1385fbf3a69efaa317aa921b1eea846679ba327a4ec2b34e7dd1
594|39|berryless antisolar onanism amphipneust|4d86de0e68b45e97f327bd0916d8a317d7c3fa39c8ab2769131d793453b5ed54
595|39|nonimportation myxofibroma dolent minny|bedd854fd2c52464aaba096ee0fd6deb9544332f936282d2059dd69a92208453
596|39|migniardise previde chokeweed condyloid|0693c83410c6e1ad0c9f6534e379e90977c773f37a25edd0c9420bdc8c83260c
597|33|Aileen transpour bosser athematic|9034b7a7362591195ebb687a3fe673047a94691de7b49f702aeab93dc81f1489
598|33|plughole shockedness rinka lazuli|c7afb7ba023cfafda8381b2ec34602d085ebf28e060ee43c8ae3665589fd039e
599|40|collapse antiqueness diaphanoscope getah|69ef32c14d54b1df2af8c26429af5b1732e5f39012765f7c0ec7c012311b9125
600|39|thrushy unpaste synaxarist readjudicate|342946a312ac5bee6fafeb2aeb8dda055eefb7375a77e6ab32c97e6f25d3057e
601|51|investor swellfish Chromides pneumoventriculography|cc1feef425200d4d9b76c2e0ac2ae7c524f603439c2f7d869cc899d10ca11d8b
602|49|masculinist floodlighting transfixation peloriate|4157398e18a8b2435407afdb6fe6725dd9133ba164b0e78a2d7b40893d83e07d
603|44|oatenmeal imperatorially sealflower beholden|d75f1e507defc3973e546dc64a5aed18e978fa1eb239d31a60e092d39fb12b01
604|32|unwell din vaporific strumectomy|b645b17f3802fa67bb3a879b765c5afa6bf6b0523d6e082c29f8cc1ef3369f37
605|39|soldiership prevaricate ambaree twaddle|425eb3347c46bdc4bec802d331a5139769f761e1e453a7b69bfe53918b823b60
606|52|encloister scullionship execrableness anelectrotonus|b7f1f5342075272c9f46cd684d69f08606ae5d0147605d24f18523045d2d85a4
607|36|spiggoty jawbreaking dumb Cimicifuga|84e264232a5b77cef7681e4ec82fe682332aad991be97372132468bb2bf3acf0
608|36|blithely boundingly vitiligo refight|951a608c8f7bc097cc99578ff8109fa236a7c124dd9a9761f65558f9e172e54b
609|47|depthless upsettable induplicative animadverter|d8179290265d9372f7f64890f68761d30021480b97d2be30f732912598d26274
610|40|mitotic embryo overslack prediscountable|e4b04bbfac5659df3515e0473ec12b07a4e358f2363c354b363012bbdc678f9f
611|53|disulphonate chondrofibromatous torturing ovoelliptic|3397d89483abc5efd09ed3ac285247fe27f2a7eeb75b9ce842d28098ca891e68
612|35|liripipe unsinfulness giftling peek|b353247e703b0f72f0558079a7de87546997a6d8e6508ecd79bf5950b0d2fdf3
613|42|expedience bloodalp autophytic lotophagous|c3f44a2b9c3c3dc2e3bdc47e1a631f4257ca5eda5f035317ffaca619becc2fd0
614|28|amadou gizz vex securiferous|568064bd5b24c0d4dc448b8d1a2636c45ea4d779db8d5e42d8d531ec3d4efa96
615|42|Saxifraga backspang rejection Nummulitidae|feeffe28f9e346782c7cd637d5f96f9a2f5e993011fb4aa3a54d80bd025719bc
616|41|promachos deceptious judicatory dustwoman|748eb4276aaab5920a6082e96fd296e07a4f893e95262794cb6d00788bb21657
617|45|benzothiodiazole prohuman Cupuliferae Tusayan|871bc773934d38b697179a30d5561af6f3505f7447e07e178371b7544a81dd8e
618|34|vampirish asmalte unlist lampooner|48a56931ac048b4b390edde0ff923c009ba2b2f2fea9c81aa36afcf0bb6eca7d
619|30|kawika amaroid mozzetta eczema|5915e8ce35fd2fd024faf21f11254a0b4951d2e41a95e4e53268395027fb6cff
620|37|squasher stchi prevertebral nasomalar|06ffb24d9b0a8302f674910eb0e7233ff89e4f59041ed97ac114cadb279a09c7
621|41|Mougeotiaceae turnery bayal ampelotherapy|19abcdc538068c05a047176dd20ab4a4b0e248be9970793b447f619cdcd28b69
622|44|palatognathous intelligibleness debate slich|a52fb8bf2450778d5f39c08147d9c1cd07fdfc84807961ce1e1bf6cebce6a939
623|40|barythymia contect undebilitated pilikai|562ca4823513826f2d4c8a6fc3cd8887edab95f5c8918d63f3589a3cf951398f
624|43|holometabolian bewray degressively cropland|40fd72cb850b9c90ea54b769a68db9096936576548d5bef46701a6ddc137a655
625|34|Bellovaci decalvant unplied stanno|93883353aa62d3dfce3c8f01b25ad34b93527ad81e933838b2b98f065bef3c3c
626|42|palpability pyranometer suitor Diceratidae|7e01e4ea80b54c67debcf65ca1385634c8adea80f9ee87ccd56aed7db47aa967
627|54|interminable paleoencephalon unfluorescent systematize|687325f0a4cadf4045d975e2abec36345a32f708f349be8a811967410a16b819
628|42|pitiable bookworm memorandize umbrellalike|9874bf1c6bfb9b5373759a4cf96a06fca5151b8ab98818839ef871bbfcc98bf5
629|44|jolliness palaeolithical nonpeaked sissiness|29a63df6349fbc9acbdaf64a94aeb7192efc0850fb629112349b49d7ef963d86
630|49|wordlessness elasmothere veterinarian kitchenmaid|f488d272ab0dd4123eb33679e3d41aa4ec0361e1e9e9fc11a4d2879cd9bc351d
631|41|coalrake unipara Cypseli Cheilodipteridae|8851707672e044fabd7fc790144cc2f2896f214245ed8bb64b76da49e7b6c150
632|34|stump expatiate bionomist Santiago|8de945834024754f8eb9b31cb01642e290c18a24f7dd4a263a8792b17e028ecc
633|36|calcimeter involucre messy sectarial|5421c82fdfd351385c64abf08b7bed5c3f101e715d22f9b8c2aa67a3cc6877f5
634|37|dioicous begar insentient heroologist|dbb7253bc6be0de55b1b72008e72412c242edb214d6f9d56e403f90082ff5bbc
635|45|Vernonia supracostal unguirostral protozoonal|433df78881fd6f08105ffef37b9570fe1cbc13717b0174c9ee8815f4ac613b8f
636|33|basket serger unfatten framesmith|de5740951aa81573ea72d9f6f0a01b3a1b0b5765d48ba37045af0ae22dd2b7d0
637|41|fracas hoarheaded Vijay procollectivistic|726cfa318a28065ac1db3f46b508e8b5afe61877d52b89177a288a61f2cffc75
638|51|endodynamomorphic halophilous Ilicaceae calendarian|cd39b6129678febad8a216d5beab88dff8c5a6acfb2cc7fc53d666ae6cd1ca88
639|27|oceanic tron boozy crevasse|7b819b35f0eadd3c58286917a2853544db8b6132f90766b5321e83fd156e674a
640|37|solitudinous atta oxyhydric buxaceous|90a32fb714361c6d9f6fdd03a89c854595044d63fc299979e4c618ec8dcde2f4
641|49|processive galericulate attractively placemanship|ca9b21b11db1ce9b30f95ef89ff776993094a7924bfa6e2a92c9cb4f49fe7de7
642|43|hotelhood muskmelon noveletty squeezability|04a4bbb741931bb96abc3785cbda9fd139d72ac231c9193b2bf55eb2d95dbcb4
643|40|dindle osphyalgic shapy thermoplasticity|b5528e77af9219613038d89ad1b9b067763a075dfa282fb3f044b5298efdf4d2
644|40|balsamical pitiful provokable morrowmass|c5c3e7f476fde2c45b8e4e4f6cbfe0ceb55fae42dcacf9cf1b15e728d10da39d
645|38|jingling herniation photogenetic butty|38376fe92038f66296b2a945ec35635f7599c07578ad0c21403d86663588a1a1
646|30|Earnie tussah simlin rubineous|64abe594674d3390a0d362d3dba0d6d8c14914d32808aa5c126d9d4a8bfc4c17
647|42|chebule unburnished unbedded rectificative|0e24cd44340c683c629996934431a90d2107920691e33538213a46cdbe9ed2d6
648|47|milestone toruliform coracobrachialis undeluded|017a860080721abbee7c11e0c10286a468c9435b1c4716a4a3b14c973e23c2cf
649|41|Lance flapjack fructivorous overmastering|a3a5917cca39902e10864d063e276b93a00f26c755ed2eb50320544e71b305d5
650|39|tooling ninny Etruscologist cystenchyma|40c8f15a533858dd30fd900e136dc82655b893b374453435524d82bea1842a30
651|45|nonconserving prefigurative fadingly cyzicene|afc4a181ec490bd958dbc2e1b8ad5d0104d8fcac76bd8e07ae35f06e25da322c
652|44|monoethylamine inlook Condylopoda overstride|7a104034308942cfeb8810b9096c8bf7036efffd6535416d023afe51a3363095
653|47|Luxemburgian experimentalist unsanctity drillet|0b2cf6e560af6ed4d497166061e0b15dc0667c56960a48f486bc516943429c1f
654|35|accismus Lyas cephalomere protistan|3e5791962e492f61a2aea5a75a462a74b6e5e7c6feef50fa01ac9fa6adf2601f
655|38|unfiltered rash wheatlike nondiffusing|5df3416932bd0067825e4ec88ddc9507467ff26efee30c97f216c89f811f351e
656|47|superjacent dezincation presbytership metalogic|226187981eb3ff76efdcda8585a7b95b710b5216c4bc1d2efc4afa7c7c05a2e0
657|45|nonreproductive euchroic shrunken homogeneize|b306c7ed42d415e27bfe318cae740cb18ba5d4d87180c1d63a89e565aa2c4a67
658|44|paleoethnic oxyphile bassie heteroeciousness|4d3bbfe7997f61813e08adc1bf5e4442737153e9ef4ba16957498947eed46d09
659|36|surfeit natality Pogo pseudoprincely|259074bb9171b6d9da2ca3043067c2460c4afbfd5b82dbe847e8604105280a4a
660|42|interfering morphographer nonpolar celloid|0e7ceb5066c66f69c2716f9cb760127fca919ce24afddf965b2454f5c9bb6bfa
661|38|frowze unsullied percompound mycorhiza|41004008024ae0942eeab3f5f6a543b9acd8ccfe26574b0189c22d4a1e7449b4
662|41|nightwork election prelegatee sillimanite|d17379679632c4be140c355453fa1b96037a5905a3906ea2d400007384c8f8a3
663|40|Dendroctonus Mantisia Susuidae bankshall|ac7fd68b1020c16320a7fb280a0ab38b290a88d752b1072a1046905a9d7ccae6
664|38|statocracy nefast tessara circumarctic|5736b82d3b137acffbb5ce2099b256ef74deb049323d04bd5d987338bd0f6557
665|35|jaup Amphipleura anisic typographic|d9f5d854d080288292a7d506e96492768d4c8be8cd417f1986a5174a58a2a561
666|46|madhuca acetylurea dynamitically consenescency|2dcd59fdecb16f96563d44e754ac12d4507088a42a123ed5dcfc821d51c75767
667|50|overregulate queryist featherstitching preachiness|fab840adcd7b5e97e8a8eadb3fa4b466a46507fc5fe287d47e7e44f9e5eccb9c
668|40|symbolofideism brassy proximal avocative|04142ab5710512b42ec7e8e6eae4bf77ee3dd03f55531ac73f95e2629aa96479
669|32|creant Cetus scrawl disbenchment|30a0c7851c61ef9050e01a0983f62e0360f8aa1bc887090d6cd47dfd13fbd250
670|30|trinketer dame silaginoid snib|a4ba0a0ee4250533b2085f29244b9a931b857c68b2ef0220a91f070b5a9e4e85
671|44|comagistracy madrepore secretively unmenaced|283ac81849281404746c10d8875ee4ced4137086faa40017ca1f4bc180de6795
672|33|skeery townhood seafaring bronzer|396ddd29e90068bca5d6f3fe95eb2c9ebf34a9a459ac2c2e280cec949f191427
673|51|archimperialism malodorous blauwbok superexaltation|828eb6363aac9827969646ce00ca85b9b7cbef7ba428b0a537d3fb3d4c9bbd76
674|47|dialyphyllous Corambis unspeered pretensionless|0c8acc3a3e9bcd8c8f66751c8dd3da375231f41e367f29d32f14fd38fa242e27
675|43|appenditious dehydroascorbic granulet foehn|8551e2c9c94528805c7e7ad03113961dbb395e704a0047a075bbd359c2add1c8
676|48|dendrodont philosophister stoneworker prostatism|c1e76ba15b59a5a051ef87c65cd42dd57fc6309a583b81917c9832fd02c1f265
677|38|incentive costicervical dotingly malmy|84c87940fd0ba55b633b63ea73decc5e8f8c8fbe95aaebcb1119bb23f9e7fced
678|38|sneezeweed monochasial sordes aspirate|e3fc80e15103a07d4470256aab99b15dfe9b00a648aa4a75a5c6c61699107b25
679|44|overexpansive meteorogram sirocco metaplasis|02282614c6ef1483293566b650857a55e64ef931c9f1d83c1eef293fff40e9f8
680|35|appendotome closish kiaugh Speranza|33ba8691cb7f54311f8a0e81476a23ba4f2a21cafa90df6c45cb24bb08a59a74
681|38|wry undervaluer sartoriad unregretting|d878b0dab8bae47dcf8808cbaf80c295f73d3e8504f3b92571f6cec924bed141
682|38|courtier oxhuvud dunnock trihypostatic|e31adc9d1f1705dd72f4eb561e24b04e0a793ff6bcb78a921ef226c432f17f21
683|38|Arcacea burster rencontre Yorkshireman|e93bc9eac70c9f5156b197f78395f63cb0036c1ff725e9adf84c71a869a101e4
684|47|southeaster slightish superconformist footfarer|c8a6d2ff4b5b964f56c55f4fc4f83b1eb92c4aedc3af2b6169cdc105c425cd1f
685|51|tiresomeweed treacherousness turbidimetry stoppably|f4d55056c43e0edebe20e2187750e4821260f1548fdf47d01f3f415f8940c4c5
686|41|concealable demitone befreeze apoatropine|467802d21d94ead83b63703df4e856300661cd4854e98ac8b9135b03e7e0e4b8
687|39|dipeptide orchestrate Igorot revetement|155627034dd7c75bc116c6d793b796b7b2b6fa42a82a2ad65b2e80169f47dc16
688|46|nemoceran uncandidness vochysiaceous nonurgent|b64c2312c29c3141e0bcc80cb4870cfc986b67effb900ff3fe53ca09acb3951d
689|37|Issedoi tirade succulent Hottentotism|f6fc331a7e5aa905aa987e9eab430063e19e350afe60b0f96ef35a7e54190771
690|45|sheathlike waterflood dosimeter symphonically|5960f4c9f07fe8241841515323caeb1a8700718d4987417fb4b003b6a86710a5
691|32|scraggly Achinese tou corymbiate|1048380649798f0b6c814f9916eaf8a8a5a18378d9249771625f9b27f0ed6dc2
692|36|overmarch ketch loutishness sundrops|97ace21f52caa1542676db46b9855b9d4d51980d1476e53575f364385ee4c747
693|39|spirket spiraster earthfall chylangioma|4ec4cfffe8a7eb470c43fb30c055e5d5dcba1bbcda4cd69ece325898da0937b8
694|38|dookit am coinstantaneous Polysiphonia|95fa3b63a0193496fd03d95e1fb2972b23388d869e6dd00cd967eedecedfa170
695|40|pseudocyesis hexine scorify pentachenium|7e55d49787c7504979cdb8943c455ca27381d67cca54a6cb6fac0802c023b553
696|49|virtuousness anthraconite philanderer reportorial|f18bd0814c3be8e207b8299dca19ffafa1643e35aeb9d20e8b2a57ae0b530118
697|40|harmonometer halvaner amy postpositional|93ecd64934d3f71421dc35d5f13920138c3d9ad9af79ac65799d387a88461978
698|49|superspinous hypermagical birefringent Merosomata|5840df208598286f3ed301edd3fe611a199841613b5af58fbec52661ba67e36e
699|43|unostentatious astart peracetic interneural|8f8f2a972176a2aa6b74449d9568a8c67f672ca810a9294f125933d1b8cefa1c
700|41|zoonic semiretirement salicaceous warding|ba2f0a096a6c8080e2054f10bed95f6f773ce745b212f140f0c9dabc5d010986
701|47|triplicostate knotwort Sinophilism theatricable|940dc068da90958ebfeba30faa0a15cdc86597c6a7976ab46b19d44776ef622e
702|37|hirofumi exprimable archaist motivity|f7361d0ea3ef3caaa30ba5aa7baf16971b9f55dadac0b67f1ca682043a0acad8
703|60|mechanicotherapy prudentially circumesophagal quinquevalvous|b8697c9b2d424f75594c574f6c415b3fab3a17dfbf1d27dab8d6755908a19f1a
704|33|mutuum Acheulean Dielytra hybosis|d20f2deba0403f04ee632999be36afaff887db3069898dc394efee995e020ca4
705|37|tritoconid alumnus verminproof zenana|573ca496197d651211403d3e836fc50d54357ad52a56b48659495eb3cdf39d2e
706|38|jager Valeria inalienability tailfirst|701ea4088087e7983ea464da6cb4b087462e45f3ff136dadd9dced6b1857f72f
707|47|chlorocresol analysis frivolously interlinement|cd9f6d07f0141f01c8a1219c142213b33c73efe4fc0c1789d9e6efd640129a8c
708|36|emundation rushiness peribolus fjeld|4b4a62c61205f320fa507ba07d6bd4d8817b8cf85968825aa74649111144dda6
709|44|florin ophidiophobia couscousou achromatosis|f6b718d98e0fb6530392b6db5ae642e5daf71d9742757c5aa2a35466e23d472e
710|44|counterpull hitherward acinaces angulinerved|2965c4d6c5288c8513c17b70da9c36897251d30c6cc301c312c70269c212d42f
711|37|theriacal feverbush rent pantostomate|aa368100cbab60647366d08466156ee0354b160cf6e627a8a2f2174ac79bb473
712|38|unurn oceanet hymenopteran generalific|8b1d6db4eee09748dfb5b4e9e6254c7c14ee7762716bef585df5b0fb8d1f3b05
713|38|cosurety exopoditic girouette Colville|818909490c4dd0ba4a500d62e435ceb65024aef66b20d4723dc53b93d000670c
714|33|semicircle introdden lete trophal|35448700513ca465f13fc6f548b1e322a556700692bf91c3b595d554c37e0561
715|44|staghunting hobbledygee preholder reundercut|6330ab25a6a3d9a9785fc8eb44d186334e099e101c99afbe40eef38225b87bd0
716|43|Minorcan tissuelike dorsiventrally keracele|b2792aadc4cf6ae4e0c487c3986df7246f6e5668e0084229d3be12e99e87aff1
717|37|dwelled gametophyll mascagnite seldom|d54f489fb11992c922a164eb4e048406f574d622d10d7c6d282cded9e65aa5e3
718|50|sonorously unfamiliarized poetizer blepharoadenoma|b3eab0763e74b28bdac64acee307acdbf0ba16f5d5aae2295532145ad560f79b
719|40|bekerchief amarillo unaristocratic Stone|451de60c074448f0df8b1faf37d912d94a4c5ad8c3e21f46c30a01706be1b637
720|39|fetial potently myriorama perivitelline|3caf5a2de166c0d144403de40a5cfc61b94100428683df4def978913ebf016a0
721|49|psychosarcous Quechua resumability butterfingered|785f3cd5906994a54a44b92c6a036421e6df7e1b25b074194baf74645ef371af
722|42|resounding etymic Corynocarpaceae gaminess|9dd2c59ea5f3a9b087aa2c5106fda73c96973c59163ce6e00106d2e764683179
723|48|euhemeristic antelegal misemployment deductively|acfb4188251df9ba98e8d03705d7f5d016b03a8bf10bebb958002585b262b337
724|61|interjectionally vitapath hexanitrodiphenylamine nonepicurean|d112a1580fc21e6fb96dd3eabe3374178ce6567f10a087789b1476447aba4b8f
725|60|nonsensicalness borowolframic megaphotographic hyperaccurate|9c021bb9aa5de918dc2f2be74fe2ced59f71c8b1aa15f05c4504b03c4093fee6
726|44|interneciary archmagirist misdemean depolish|4705aa6e1924a8904b54b96825f5f018e2abda797ba5516149d6b8561a69622f
727|37|Ploceidae rumness Amenism divulgement|0e6a299aa758d18197ed3fc09fa98d4a754a2abf2faa207bf9a48ac4baf1c662
728|31|earring Suzy dealbuminize sputa|d46690ba0aa5dbf361c0d2549c296c680559dac15d032e922bfd55c40ab1aa4d
729|37|olivinic Teleostomi grump prairieweed|7f23ff198d12fcb1b3df29945e40c9e5b6071e0ef3cd5852f6db4a6464d2a8b5
730|40|protectrix dentification negus ordonnant|6a1d0d6ccc0911b79dd75851ddb8ff7f1f761289fe85e9ea7fd2f71dcb0856e1
731|38|betutored stockiness Hornie preboyhood|0c58b6305e060d249f1482e7457bcfb8bddce571a57ec8113d17fce769df3e18
732|45|prismatize unspontaneously bossage prerespire|90a00ac9247c114f9172d30feecb93fd95febf4171d603705a2164adf7ce28b6
733|43|troubler distemperedly elongative polyanthy|4393ce02693c70ae5aaa66fac8018b8578f2bda9a29c72a0d1567f4a6a905ad8
734|39|wheelwork disconsider andrewsite Huggin|dd10d49bc9124ec85b1775dda6aff8678c5cef01cb8adee376436cb57e4500bb
735|40|hotelize mesmerize billowiness cinerator|e7113422afc1e59eda2897f568c6ce72827c13544320e14d5d23a294b860e34a
736|52|uninclining tunbelly aristorepublicanism debauchedly|0831f00e731aaa5089b8862fd58d9623ea5d3a21c842048659fbea6f40273a55
737|39|nonconcluding oxhead theirn commonality|170bd42aa81a63769dafe8ab9bcd54cf5ba04bd4fb589d271cff478b086b9b9a
738|47|stitchwort commentatorial galactophthysis scran|46a1e7d20229aaf67c9cee73efc581e6a918581bdcda4ee9adee9a114e48783d
739|28|Banff measle predevote nawab|6a3ff95bc5fcba8df58348d38ea76b93a74708c4857d53d5a9f05b4663ba341c
740|38|ruberythric hoedown irremissibly skite|72e5ab92ab9362cfb2149e39b08f1a6343eb6c759c1e566cc28ec113ef16e0fb
741|37|myliobatoid discourtesy Kru proverbic|fed28adcd24007e46e798f4186422d2c5f035fe2850cf31ec99fad31d64323a8
742|43|drugger archemperor noetic Ophidiobatrachia|63a8ebdbfdad151ba5695f11ea946f214fce173a258ffa5bbc03b457a9aae7ee
743|25|semidole bumble gray jive|b5f88dca80c134ac6e0599172c74ff37d7b36e5549b439e7f4962d1d2341ee74
744|45|hepatophyma retinaculate assignation mortuous|398646101d0bd1f5f68e2fda9a48f8b6d68c3bc5134bfdfaa558f86a69c56dcd
745|43|nonemphatic nauropometer timberyard topcast|5561b6717b70bdd61afa79f8ae435a28904c65a6e7d8df50c0a27b7841e8ce91
746|49|grandmaternal isocyanurate trisaccharose headline|a4c952fa5e7b28bc7ec561cc4b484c4b82901001aa60a9f959718d7db182e79a
747|39|stilbene outgallop heterogen Chinantecs|127c634d57fc54c51cc55b727fe97695f35ef73091f9180e456613a7624d5ee1
748|37|mizzen nonexplosive unafeard Cystidea|3e0a70fc18f72e5e2a31f5797976211d60b9d67e712ce024817d48f4a51d69a3
749|37|autophonoscope mudee pokey covinously|58b6b47e985a3f421918c7b970c4bbd113433388c76cb90356092fa60c752421
750|43|neurogastric stickleaf vergeboard loquacity|88737d9e6793c628cdc392968589c51062e4bb42fe37c9a741403281915280b3
751|34|squelchily piotine clachan Phyllis|21d5d7a98f91387154b15c19d49211263e9d84dcd34a45391f955bb6ea363180
752|41|queening gainlessness Polygamia tendresse|95a42c8861a58260a278b060a2651f4fc377998d250081ff51fb6a88d29e7369
753|47|polynucleated bearish moralization clownishness|3dc4bdf1ccfb747a4a8b366d8e722e4a76ccd355e342e617e2cea030ea62422e
754|40|proscientific allegoristic veil lactucol|e1611cbe33a1208c2693a973df8241df37d8a506f499d8eabb77e3a526744d4d
755|35|harefoot loonery zeolitize splairge|682f0ea6d9c15a226df339c7d5b344e64f5a3ab46392ac0b2c1504ca1a3d154f
756|47|tenseless posteromedian skirmisher Fimbristylis|77c8d819fcd23281f52d96cdefa7593d366a878408afcab69dccc3718ca04aba
757|45|subsistent throughgang basilinna unorthodoxly|6b06ca17dd4399ab9c049cd8318c54678227308c95a38e6a53b6233eb5e3f3f1
758|34|vitrain punctually polyadic panner|c876d0bee3d68a4f60bbbb364c1dfaddd8f30b6529b906abbd0dded35a5f31cf
759|46|party pharyngoscope uncompassed inheritability|352fe31a45e16a1a17a41433a8c5e4cb98b5aef6aac461ef17ae27c43f2f6fa4
760|48|multilineal optological unshrinkable campanology|2c37b0d577dae2a359ae1e6fc674b007d1f5e58614c3c88b39dccd0454add23b
761|42|carrotiness turnscrew prefixable figmental|8724ae1f00e0db86bc4aa6b9e851f0d5a33c8719b40834b3677b37eeebd5a0e9
762|44|nothingize butyraldehyde conative anallergic|e3403d8d7f4a847ab61c264055c4552963a53bac83cc7cb0efcc31ba61be1f8c
763|49|rollicksome piccoloist subdiaphragmatic Hyrcanian|c1a8cf6d2cf124928aa37048d0fe5ebfd3fdc0f70db9d188bcfbcff7d3f596f7
764|45|professorialism jayhawk sarcoseptum bandicoot|39af8e7363fa5138a77f9585692b6dabf694215a68370e4fe769df44bd29de7d
765|35|toffing lagopode eupyrion puffiness|36c6bd02f042bcb92dca0f3c0ee1ec92b99a358cacf2c537d80d9409309aa1c6
766|46|reversifier Liebfraumilch nidation honorworthy|34ea94cff4b06f51c3e50ffa6f0a54d4c31193481001d9ab5d3f9fa9f1a8bd1b
767|46|osteoclastic Aotearoa dissemination prenatural|1a2ffcfafe47bb9c5fa8917a928ee0491e7aeafa1d14ad57978e4d7d44d578eb
768|30|Pericu Muysca resiccate mottle|847ededf2e71cdd472fe1e937cba259d869d0006ca7337d9f6351586a1ae6cf7
769|40|gasify Tillodontidae macaronicism avulse|7273352f53c62f192eba3fdc4b0ea65ace18895955f8a5128b3c338524461f52
770|45|hydraulicked Plecotus Clarencieux scragginess|26d0954d2329de2fb70242f7b5f873ae13cd9522317d050bb0c92e3d525acbed
771|36|skulking easter inerudition brachial|ce6c2425e9dafefff5b76b540ab83461f8ca592d56104cd46157568468ec0b13
772|32|outyelp cline escheatage dishful|6f25b2a0a72ac747f0415162d630ac3d628993f335d85bcdb7c76e1fe35fccfe
773|48|uncommented Serridentinus crossroads reagitation|bc34551c628aad37e64ccd9fc8bc03bbc0ba7c37e5e4072a8c325f73d2515b52
774|40|shood dentimeter pentarchical jasperated|09b63990545e0684e5f5addf26d4264622cdfb728a4df6782c144cd34dba7a92
775|47|countersleight willowy proposable theriomorphic|fac7471b712cbf62b435b2ede278ffd8cf80e071f3c8b9871e0dea5a095daedc
776|33|nonsupport mant littermate valeur|770e8f2d2ba473948d77e92397fb2f52aee63ebfb569811bd247540f42d6fd83
777|45|prolapsus colloquialist nonalphabetic crumple|ccbe4a0d62c288653ab8e5b8f15e5df34da304b99b311e32d858b0abf42d0639
778|39|recissory ungermlike mononitride hawker|7c6793f886c97ab9942fd58bd4169c9e64c87221dc1dace585763070cbf23f4d
779|55|counternarrative repercussiveness overclog oligoplasmia|90b0796be29c854c7f7110324cfff8aa21ab5772ba4754539e8356299b9474e5
780|47|undeaf pseudoinfluenza superenrollment isotrope|1feec5263540712c57ec5ac1cfd63bc09c08f37792a5119db2f634a43c8c9edb
781|37|decennially fennel cajolingly heeltap|ee56a2ee243e79ecdede2535773d9398a28a57f912c7bb9d86b33a392a20a7b0
782|37|indue rejectment redstart pneumoderma|adc710c7a41c7d46343f874176c2702f904d00069fe09e26af0008d781b3c322
783|36|scoparius viperlike Hesperus entheal|3085feebc8b4276c1bce5b5af791c9319cce8a792bdd218f506bedb02e55bce2
784|54|worthiness Sphaeropsidales parapophysis reservationist|4618b39ea33c0f26a837aa5652aafc40385142d0b7c2454258c6e54696ca835c
785|27|flavory multijet muddy gaur|ebff96859e3ddc76e11cc5914b12f62f981458a1459321ac036d0de8cc6cdd0f
786|43|superaxillary paraform Tapajo overcunningly|f2fff7d663dca991c834b5ba622c338584836e90f89ccd751fb67be4ff76b288
787|38|insecure cerebrosis peroxidase unacute|fe77ab9f6dff124713e5bff307bd1a21c462173634475e2dc92eee77ed15c580
788|34|floody commination amla deresinize|f8928f3653bf84d26d9f41904a50b77bad8d5fc9faf2fb0aaa37e9b52afd61df
789|42|andric easternmost transcendent Samogitian|941078200d81f7d9352d6e872fd32b3ed36bf33436d4fe78cee27c3b68391a1b
790|35|assentive schoolingly demon surgery|fcd7cabbd94f849dde3d4f599cf6c1da2ee8f64e8c4f6a180ab11d6967010b79
791|37|loyally coqueluche pappy Oreophasinae|c311e4c279177935c03122c577dc031b063b3fccab1480b183073b2d02ec79a9
792|43|wrig gamobium intersusceptation homoeopathy|081d56256868435fb575d5c9664048e249f8fe534445d1da5ca8535313419214
793|40|pulsion nonapproval demiurge inhibitable|b89702a1d4963dc229ba8bcaecad9ca05d42e0e75d0701ae5c218621360df404
794|46|psorospermiasis captivation waggishly twinhood|c74d33cbb7204f2db4a06b91abca00eb4343539c5c454d5a639d412ab9fb44f3
795|50|pretentiousness oecodomic nonbearing overextension|d557b4b08e8e0f034c8873d7e8c7fbb51be98ac6925fd7278226f22aa954cec4
796|38|redleg metope unstuffed predetestation|674601217291442c1ace09294ff3cc118f84b4ff4513bf69f2a237febc815a41
797|38|ursal nonformal wowserism voidableness|555b41e918add0bc9d34d760e4c30652938b5a6251257d3c4f769a27cc0592fe
798|48|malcontently remainderman muckthrift Garrisonism|b6aa931d9b2d8dc64a8f2e60ffb36e19576bfd3504f3f77288e4510c8b380e1c
799|46|unkennedness dominionist prickled irresistance|993d5d274f4be75ba4d1350209e3529abf3a961a11f271bbce27d6e30da443ca
800|36|martellate decorum uncoked sparkless|8db853642c4046559e7f51e516fe92b6c0a66a5171546c65802c79bc7eca927a
801|48|polymicrian blateness odontochirurgic utopianist|49e29001f8ed9e6912477c984c69d663b7cc65caa0c0838630100cba775ccffd
802|45|gunboat metrofibroma ultraroyalist unvolcanic|99ac96f71896b0adb786db01777ca2d1dc20346096807a7d191ce700260b26cc
803|43|mangabeira Acanthodidae ginger caudofemoral|e4f4771dec10d26596a6c44a4a3b9e151434cc4567d2e90abad0197c7a00c163
804|39|swayed inbread exponential thoracopagus|23f046cf215cddc85b99c282a21ca06bb03a44fbfac7bb1048c763237bfcb154
805|40|subfocal massedness Dioscurian incutting|587afa36f212a8f275cfb3da2eee142794484fba09853a80ce0480279df86add
806|36|zygobranch Ewe ungradated sororicide|d72de81fac447895c37d9abb1e8e252b0dd93312e2d5c68ec272c0f5578adb3f
807|53|precontributive hypermetropic hemeralopic paidologist|32dc4bd1dd2f7a1f88a9a9d153ab066619ac370a1243760ca5dd6a765c4e865c
808|53|uninflammability peridental beestings animadversional|1a28c62fc9c1c68d91c0c6b748b265dd6c534efb2a64d63121524bf8fd0a1193
809|30|bobber needy tassago undertype|25d7a46e84740457d93884c75629fd8e1b5b341b8a934c510ad93d4146530287
810|53|regnerable overaccumulate haruspices nonascertainable|fb3161de443622e3f2735f3caabc4703fbf6f8d2ccc6d392c60846725127d4b5
811|38|chironomy limburgite semidramatic Mede|e47314a9e62d86f1972353e3880f9c1e02555130ca0fa39c39374a1d898ed6e6
812|42|mythicism hierogrammateus anthozoon skirty|f83b93dcc2c7a6708c3fc637bf7a177e412a38c3e9a2958d177f204ea6d19524
813|36|deorganization jinks Duala glassweed|5c3d025ebfb451402def414883a2b1f4f29f6315952c1a3f0ed90ade02ada1da
814|35|cytoproct endosperm Bolshevik crank|1bed841464f92a4666a6067a6209972b620df7077b709a37e7c0d253dcda00fa
815|46|mermithization stillstand suffusable pastosity|b4b1bbe27fd2ac9c2e164a7fab3dbe756c528bc46fed2eeb7bd744cfdbfda112
816|33|crusade allegorism congealer doby|a7339b5ecb0809467ae0835c78d4edc619de4e2c1fff66887ee122a1dc03f6e3
817|45|attackable equivocation dermopathic unwalking|8af82b23920213a7b714ac05263f29e0a72b10e068236628edad175400b81f11
818|37|Bajau footrail waywodeship perameloid|3302b7a85778e9606c8cc117f7a51d97960c4111dbbfb7b7a9ee420bcab504e0
819|34|allophane blusterer sacken monster|3c0766362df214b2b040f47b9bda86e5182a32853f44614ad8a267db8e19d7d9
820|37|semidrachm tsadik regardable dimethyl|484c3c218546f5e18c216711c9479f1dcd525f26a6b56377b69567dff390d38d
821|40|Sunnite ellipticity mesaortitis tuttiman|8b7bcb0c84780bbf00a7c35accd6bc33e621a94a5a8017e0d688cd5530a9a600
822|36|rebelong purseful gilguy partitively|b82e436403a437ba1c7ae807665da335f9c728e7612b749ea0a4770625eb9986
823|45|pancreatomy presbycousis uncontrite sublabial|ac34c7051f106a1b24fb8ae509b29eb4efcf71f152b86e63a516c0001694bb84
824|38|sarcology yalla nonenvious antibubonic|155f77ed4d31bda57b21d39ed0b6abd705d6095bf0a1b8b4bf791c69e07b474e
825|34|desecrater Gloriosa diploidy sarip|898e84e06cb8fdc770ad7f5a4156ecfbdd266e37587359a7930a428c3fe407ce
826|28|aurate flashy lyophile alima|cdae523973ab63536dc14e3dc648ad5394e199dfda83faeb754e1860374a4058
827|38|forespeak glycidic Trying Phacidiaceae|c788b5be9f1f6fe54cef30f198a380cf872e455b2cc9c4a6d121c88de19c2367
828|35|diazotize funky snowfall mesocoelic|8f6fa25c2dd084f962a391967f8c079ff656344fad8ee3ab94bac3b68bada0fb
829|36|Dowieism seltzogene vulcanite bilbie|34777959c4076a8e112968f15533ce8bb7d7c307ac27085a072ebe64d75e9e11
830|52|nonreception Azotobacterieae xenomania pennatisected|aec9a58f8b482e37ea532baaa1004c7daba75f3cf7ac5afcef5ac9cdb11dda4f
831|49|iodospongin ammonification gaudiness esthesiogeny|e5054eac461cf70ad0dbdb7acac205a3615139f3a8e2e882a6e01cd25e69cba7
832|47|substantialness amoebae shavee cerebrorachidian|dabd7664c47488ee1e01c88f340881f2fbb563d49e94875ea30e6b7b6a385bda
833|37|nariform ingrateful unsocial choregus|dcb1ff8d7b6a3f397e5336121c9be139b98748f6010111203ea612723fa7622f
834|44|gasterotheca chiliastic crawling unconcerned|4b020e6f6f52509b449b01bd04d33efedd1da82126dfc56c3591e68fa862a805
835|44|freeheartedly gorglin phlebotomize Petasites|1a6212a055f5c8504f19c6465be72354eeadbf5c4762c0156ec6fa4623684d05
836|42|packsack calycozoan innaturality satisfice|88a877852fef5f0bbd1a02b64d55be994246acb364d06ffdcb10d9c92d8728d4
837|51|metapterygial Lithodes dactyliographic intimidation|83e052c4e296750e13be6ff9152523f285c0b6e99d98e26ee5be5829ff83f6e4
838|48|yeomanette forgetness unministerially tinderlike|e7d5296afe97d1e91be51ff88f8cf0bed93c36eedf3077785f9cb4582309b1ef
839|46|topotype impartibility mesocoelian pathography|0aff5cf9ac0d716e34942e9ebd2a9052a405b41de078f5ef9ec1c6ce907df765
840|43|ungelatinized vinhatico unswathed solenette|87207b013d8d55b3cdb5a800cffd63d16420f8fb5601f045fa00ea2970c310a9
841|34|unvoidable vermin fibromyxoma ding|5d644ad7a1000e13cd6c0e70fc351d886649f69f92deabcdbf4cf7dae0e46537
842|43|Numidinae unratable supervolute multiserial|31511241fb59eb4fbd00175f9952a620bb729329c606aca7d256d96d65007dab
843|47|caducibranchiate incision majuscule stuntedness|2635e5e6f3bb29343f4b04593dbab4e55c39364e61d293d1ac983a5d56a3f085
844|38|drugger proppage mesolite prefertilize|de68ed8cf58a65772c5ed17d6c42fadb1619e355cf2a175ffad63a368a56f9ae
845|42|hyperrealize gerim prehaustorium trabecule|cf9b78ade2ec23362593835cdad25cb9dd6d658ae1dd57e2f6ed99b632dc3764
846|42|assiduous procrastinatory zeal hierarchize|ac3566cda02dcffac173cc08a1c54fa91bd872246b6d01480b766aa3d082f579
847|43|doctrinization amethystine slagging Mesites|5fd21fdf5601d640100bdc83f480913b787bada00f305ac4a786a681aab18a4b
848|39|konini posologic unzoned nonnegotiation|24f788f52d4e7ed6f6adbf77c1c6cee9e1ad26d062e8b51e798d9a4d8bcd8e3d
849|40|bitstock tollgatherer limaceous dedition|7170f47332cf764c910fbe26c9d4b691b364542c376d55ac13eab0f0a4dbefa0
850|50|hypermetaphorical Gutnic assertive unpaintableness|4e1060e5262ec0cb7faadbc5f87197c2eb451f1b821bed78ca70819feefe1738
851|46|tactfulness Illyrian nonposthumous translocate|6637fe63b8d639c2f04e24962a242ffc995edb594d182eb6289b42d034d1b5eb
852|47|katakinetomeric diastole unfricative insightful|fc6b7f2871cd0a98e71d0239a948cd80925ec140142d7b94656a2c9bb279d8ef
853|46|unrelaxingly Velchanos costotransverse taccada|d5f798080b80ccf110230ef9db187394412f3461392a14d8b3f41320190bfac7
854|42|courtless limburgite mockground unidolized|6d5d84a9ab0489b13b1ce77bcbc11841ddab92aa5304f45c1f7ee5dc2d23bdae
855|49|sulfoacid chillumchee Geissorhiza prelocalization|6cf74e9c7468f7bc642ccaa192dc7766d909115cbd26cfe9b810323f34ad3268
856|41|friendliwise unitively bathylith luminary|4b25172d9f17b543a3d7228cf43b7192ca0ccc4e8f2d1e3acdb2d2afd1192925
857|27|bobbed pignus spud footrope|70fcc7fac6447ce5ff81640426cfe2e8f2d55e3a0dc264c642b834fa9da99f7c
858|45|autocomplexes aerostation gusla nondissenting|9855abde7c76e1376c92466dc2c950fd88b994d07a2e1ce3167251885a64a212
859|38|outhiss phrenodynia unbellicose weewow|e552aad44bbd16249e4c2a2bd22bf5a37c371a73d9586513295fb3c3bcff5064
860|43|overfavorably creatorhood slammocking Safar|5233226b3c7a6cfe20f80c2ca99f26999f8cce2f3304b993e6b15904c6d49121
861|40|rasp adipopexis unpredestined terminable|eb975efc823fd2eba967d3a68dbb7114bf48b37b5bbbb51af72178c6e1e4c57a
862|35|serially elderly outler irreflexive|6b162ad6d7c5a2e49804e014dc3cf233ee0050fb184b28f13f332c5bd74767c8
863|41|wizardlike unglossiness Basilicae Rhaetic|228e77f65209c37e9348160cb478b1f4a9f861897da12dcc8cc01187a58c372f
864|43|rhynchocoelic apteroid kaleidophone polygyn|c159ca39c425d132b0cc3269e828b4318e8955545db35f696adbb23c27edfae8
865|35|caba ayless gloriously rewithdrawal|e9b13fcbb3005469cb4cd10178453fc505abf03859055bbcb05dfaa275c7b6bc
866|40|microliter sublineation shraf Sherrymoor|86e2de943040793d60783e7e7e55225fd035bfbdb11a0ef1572a9d25928deb99
867|46|Conopophaga confliction animation heterogenean|e0852890ebccfdaf126580abc0db97aa59e5c8441587023bc47ab63e615d1b96
868|51|Arnusian carcinolytic paradichlorbenzene opiomaniac|0380a1315fecf6766228395c87b3ba96dd13b2041824e4af75a015510830caa9
869|36|batsmanship enfree Pitcairnia access|67134838fd98892de03ab8a40a056ac23f84888a8e5514ba693cb2202e8fcfa8
870|49|tyrannizer classicalism protector transferability|7a35cbd8e41873b205fe8a0f8a3307e9baa041e0a6ac19eba882a240ba189e50
871|46|webworm downmost disprobabilization creakingly|c33bf298f8d31b7cf1200a6a070815e10e6921133ba6169a74a0030bc3c53078
872|37|windhole yawweed overtalk culpability|7a6f31977db86e9a63e39181e1f06f6f81fe57371747eb5552019b282a0ea6ad
873|35|Orotinan typhlology roed Anastasian|6e23363b2273940df7827d71a7ba9d3daa4f2725c294e0392bf50c76af58937a
874|43|vocabularied infracaudal androcyte modifier|f557a680e7ea99886239b458d28ffbcea20dcf8627c23ff85cf7219e41b1d93b
875|40|chromoplasm otariine dioxide battlefield|9de5d97397cc35041b26b4c0d743002d828cd18f178876f3377fb9b102607e44
876|41|borotungstate snowberg uninwrapped folden|8a26205e64c2db557e55e7c2691ad1cb280e8e757456bb0228722795c451065b
877|44|indeliberation gneissy periurethritis cedrat|766f30f8452f9f1f56ec99e00b6e9d0b861c775795104f0710ce1d372d74f115
878|43|noneducational wartime ischemic antipyrotic|a26a3091bbc943a28f22639cf3c899ab3c38ca36d9824c1065515ee0b3785330
879|44|molybdous blickey monilethrix malarrangement|c92c85041c1073b3a2e4d2b70ee2c826e180ced5af60d29fec50015979445c09
880|37|lifeline unlogically unweelness xylyl|f4db35257686cf5ece3c6f9875475b0d50d7dd35e946f26436482e8dec2e1410
881|50|cylindrocellular diarrhetic hubnerite Ornithodoros|53ecec242b3ba4a085d95bb95b732ddc09981dbb4abd742889efb0ca3958f5af
882|58|ordinal astrologize pneumonocarcinoma predisadvantageously|64c4df33601aeed62c186456818ac057bbf9f448f24bd2d8542b2ff4395d20f8
883|45|geoglyphic raimentless twaddlesome octogenary|5a8c6ebd0432b68df875cdb675aebf9655e7ac011d34f93409010611ebe29392
884|48|undetrimental unidentifiably biostatics bungalow|cc519eafac4b4181cdbe0e30edcdd84de76a9adb9f009ebe4ccb5d6fd14ee5e6
885|39|backstone devorative beansetter owllike|ede21cd5757cdf9f6d459565e60b162e8b724ed218a076ee949be4f05cb583af
886|30|traumaticin winner beth tosser|b04f4e36fe89223c91db32e253ee9606ab1b0ae0d73558b7517117cf6b8a7afd
887|43|Amritsar bronchospasm sycophantry Elkesaite|db75fbca4567f563d760246f2881343301b3b7de6ce67d0067d4d74ae41b9321
888|41|unvulgar commercialize Suevi farsightedly|600c31dc922cdc38c1ffddaae70dc746a1ffa9d427b1794c408bf226903419af
889|49|papillomatosis tetrapartite departed nonhazardous|301ce10911280f697255eb48e8360c4610ed52a69aca2d35999bbaaffcd6fb18
890|47|ornithodelphic speechification upburst hinnible|f0e57670f8fc57c867f301c9604bbc9c610ca8bded3b56583e8e46cead8124e5
891|31|subspace isidioid dacoity Hanse|5da8ea980007d1a3434e1940013c5573e2aa930ba49494b2413caa48137ce4b8
892|36|petalage victualage anosmic proslave|137b6ab2d284b7394b1ed87e582bd1ab9f44f3bf7900fdc79b9b3e05be4a5ef9
893|35|rereader browbound dryadic surmisal|f804f558bbce7bbe6d33f4806d607fd047f066b33a6391e80ec461e6d28bff67
894|35|orangewood grimp readjourn uninvite|dad0a7ef6bfaece8bf847e36160863647d7b448985abef5c9b76c0bc3000fd66
895|39|winnard nonlegal impositive nonradiable|9acc0b86c88428bbe17a583ceae6e84bd79b2d9b047fce1c21265c631e5d34d1
896|26|cop Alhagi tuchunate snerp|41fa600cee486e6544cdd9feac1898cc39a0ca0a9941ab7a3ae3326912fc96e0
897|45|suggestable paramo overdevelopment noveletter|6554df5cf0ea091fc44f5183f386a6366fa77921019bf166d0475929705ab1a0
898|41|chandoo subexcitation proteanly unfondled|16dff352d3d5fe4d4bbd6f51d826d4603b809c195243076fff9398ebf56449a1
899|49|inculture pseudomorphism consolatrix staggeringly|03cc3b9d83ce4040eb5984240336c271b985a18a3729d8d8f1f54bec1080625a
900|44|Pachons sphenotic reconnoiteringly Turkeyism|1e282286038e801d66a53d3b73e2b3c635a30eb714ef570786ff95a59b41c7cc
901|42|transthalamic commandant Lavatera Bernicia|0c34f8bf9c8edde956b957545e03dbb75d76f5b72fa80fd37edc5a016b169787
902|42|Christless rhabdomyoma encrinidae insurant|3731a64b9d22ed9e9121dca961b10b426cc9e529d3149ea87fbf4712bb374208
903|39|unpray prerevenge Pleurotus varnsingite|5469ded5fe026e4c32449546e0dfc6151314d6a6fe30395e7c458313047f662e
904|37|jackshay tripple argali undertakerish|8e8cc2ba3bbf3b7727f162babb59adb3b6d33d503a362efff89fc6bd6e1781c5
905|38|epichoric Jacksonian Cuchulainn croupy|f61f479538a63c8313f800c66bac67c9525ab8d17e13469f387160b428a77a5a
906|46|petrosphenoid unjudicial myriacoulomb umbeclad|40b5939d63c57534d6f7443e5ffc5c4ce73679815f627d87a4119365cda4cbcd
907|48|pinchgut teleutosporiferous tertial unbedraggled|d3a95fe8dcb18531daf1f662ced06bd0f1df5c05433521eca8c829324dc301d5
908|32|hexyl Sebastian Brahmana Azilian|c18a179ada2f81b2d26e0e6d35215c0fcc9311120dbde0fba23460f1d2774254
909|47|puggree undecipherability lachrymist Ascidiozoa|0775bc1cda9e2a96525dfc9313c4e1937a46778c2bcbec9becc66499c2c91173
910|31|subscribable tasting pur margay|6dc6160a18bfbf7ccf3f3b8aa8f1656d305e44497add89a17a03132019726a86
911|38|squirehood embosser smuisty Amphirhina|2e0b4428456304bf98cda14db791c24187c2b2c8dc2a1e9191ff2905222b7cbb
912|42|saccharulmic landsman independence pensive|20326dddff25b89fe67be773d1ee8fe64892c50556f71b3d63d97be3410e58b7
913|49|interfascicular undernutrition nardine fumigation|d9695368838dd3b1bd1bcf449e8146431dcf0748e0b150bed89eab68163e880e
914|36|semipaste asperity merlette mothworm|2857b6e2497f38c76a01f6033ce42199dcb908f3dbd18f5857ae3833c25e8348
915|46|elevatedness corbiestep pluriparous akenobeite|3b00d5967a76454b336036438b4afcec0a6f8e8bb7ff2c456666319cce7eab4f
916|46|tremor carapace corneocalcareous odontological|19e3e116fffc9d3dcb9d52c008ecd79ba7d504b401d0b51044266ccc9efda675
917|36|deathly standardbred purpose karakul|f6bec271d7f712b1a1ab84d03679ff707fb716a96b09e3c0da95f3c5ead5a534
918|51|algebraic guestmaster pseudobranchial dextroversion|a16d9eae82fbfff7556e8ff608a731738fa90cab42539222df1f82e1f042b891
919|39|Mazurian ablepharon gooma temporofacial|e5f9a9320d59abf7576a09e08a8f6077622e746c156b153c5acc90fc23fc8e64
920|36|evidence vaportight bedfast unnicely|e85e1aa08001eb5570a80138b1faae4da0dc48143c83d19aa1062c62c985cd9b
921|46|observedly Aesculapian hypoglycemic palinodial|5a4fe5f24766eb101af28c4b1e21214ce621c2b374618fbafb714e765f1d8aa5
922|48|unbelonging foreloop unattempered evenmindedness|9c2c90fd488b11901e91d735c0cece9614fb1f459a0eaa2ffabf3c31c47b594d
923|37|bruise forkiness intermessage murgavi|2c3df3d5d39660c1a36a180fe3af7d0333bfa97de6aa790a5c738db9bf7db1e4
924|41|checkwork megacephaly umbeclad Baalitical|1e1983f14328ce4bb96bd4fd4a6499bd4d5999ccb32a439214b913500aafec49
925|28|host septet uredinia disodic|8f186e74d2f5da08b34825a70b947f1cc605e015b878f06691dd5c4c685c3c26
926|47|interpretability molluscum Casuarinales lobbyer|47cf50e202da96dc82e217ca5121ca6d65a9ca44d6e3916c28b4d5571ad7383b
927|49|lodgeable uncontradictory mucorioid eldersisterly|8e2cf412b4b1bf4372c08c8b57fe3e9d91489966c030b31d365df17bd5b3f3ca
928|45|septifragally strobilization Pantalone lacmus|b1d1d1275945503e76e0cc63e978c7466b8aad6295ae6c0ebfac00d779aca50b
929|38|artery gentianwort argufier iguanodont|ca44bd414e431f2be769a25a22d9137752fff33ad465538e04959ff9b119c686
930|50|rampsman Phyllanthus untantalizing superinundation|686cb6849afc74a486d45de787e5067543bd367b690f3a1395c9f1009128c48a
931|34|varna creep leverwood xerophthalmy|287e5e1b4da49252779a9a67debafaba83304678418ee502fe963b7c4d5810a3
932|42|predismissory Canari incalving unpleadable|dd98ec593fa878a522b75eaf22af63ae557f963e4521ff63dd0cdcdfcdb89c77
933|45|superexistent fanfaronade noropianic noblesse|62d494bd468975ec4b69f4dd24c1b407ae1974e14a49eb21a852c1e6ca4516fc
934|41|limitarian Cakchikel garavance coaltitude|c123b548686017c570f1ea9a6cc6e75a626dd2cd170f4e0332b22035a88ca2c9
935|37|mealywing Spartina giggle rheumatical|27ba21a06cc24103a68c8ea1e9ffa3be559d8b5bb4d8a46e500e590782ee29d2
936|35|Ulmaria proconstitutional mete noxa|c4d7d979ca28ef72514ea62ef2d523b36e65d9dbcabcad02987e761bd136baa1
937|29|thight Abbie sorbitize Salwey|ec03d0bf6ef36af59dabc87a19066d2704545658a37935820a8786915c479355
938|50|categorial pseudogeustia abortion pseudocolumellar|104c2780912bd4fa11e0bb4a14a7af30aa48aac2f6b6af21fe1cfd2647f0804f
939|47|harmonization unwishing between transilluminate|fbd1bd47da070a33a7f2c5e5c93fc4d6400f9b4b594128bf1a120f85438917fc
940|43|whatnot otonecrectomy unobsolete expression|3a6fffe02735b5aada538c6f7195e5a2faeac15f66cc4212a594c08bf22925c1
941|46|moonfall repandodenticulate unapostolic factum|90c636853c3b8baf250a415313651ca3e270814a0ed4e721426f7a620ccde3bb
942|30|uronology Merril tuism malella|210e29f7d6c8fb44a42e0517b1ea5aee97b1c7d7b4a16bb765ebbb506420e2ba
943|51|hyperdiapente Sibbaldus nonextenuatory propagatress|9b87f276531276229fda03fdbbb3e0c0b4625496f6dd68ebfa05014ff75ce659
944|47|incapsulation unfaithfully overturner unmatched|30c4353bc0974a450148c6dc9c680fb4501caf0940a17be29ed74b32a886343c
945|37|cloture zephyrus augerer promissorily|6a6d10d68a3f02285ead61eecdc3997568a7b93017aa6a3f158cc3a5516e6ae4
946|38|cinnamein superbias refluence interrex|0b41e8efc0e8738db91bd807bc64fab3c604fd326e3af4bd1d5ad1816eb31639
947|36|pachydermia akoasma rollingly teaboy|3a836f315e593a298ac458537886f829114ff7412d60e4f3e5d753ae371bfe48
948|52|pneumatolytic parthenocarpelly cinene antifederalism|a4e8667c40e8aed86d74dcf190b6a7c1ab2f1a68f6cb79506854d63685e5a091
949|49|unspeakable monarchianistic infusoriform filigree|e0c9125db07a327c1f3af5846ded5bfbc7b5ff11ead1900a568db94661b3b5dc
950|36|unstainable burgonet spinule envenom|a4810c888e320ca7d705b1279dc9e440b7648d9bdb4119cd9829af817b29d88a
951|45|summability syphilophobic avengeress unvested|22d83641b79e4b5d5b61e70d1a71ac397057dd585ad424296723b2efcad32565
952|38|quadruplane Fratercula sosh flagginess|42f538c4a7079e3fe77f67ba363cda7e0fa50aa8ce448dfd00770e9b64627e61
953|40|Notidanus Sylvian epicarp incomprehended|75364698035919d3542418dc31f67b071358c035a3abde9b348f0c46351b41e9
954|39|strongbrained unfused antieugenic palmy|dfd0ba53ac431f2c5f2bbc6e702c0fd9fefb81a02521c6b4c0ea2e0ddf4518c9
955|32|Ekron tubiporid besiege demiurge|6b48eab220dbe3b1ee5a33dc509d608d6b83c839704a3d34970d1b17d6abf634
956|57|agriculturist discoblastula hypocraterimorphous Osmanthus|2f7fa800c38fe4c3651aa334db23f0eeba4361c81bc3344bb3106f69f7f1af45
957|41|upclimb uprestore cheerleader centrobaric|f0620021463c7aff5c51021b1e6936626dee76184a3daa38bc8bc98d9dee8f10
958|51|forefather cacodemoniac peritrichous panautomorphic|03f35cc05c8c8e0e7a35eefada5f4342d38dd4700bb7715ac2dfea2220889ec5
959|43|scrimshon didactical superscription goalage|43de26869e48f2c4a40a33c21967cd8d369a39ced1ef8b611e48c92b15172e02
960|45|siberite physicomorphic inherently perbromide|b75801205092afb30c63f1ba68c58d248664070afabdcc6c16f7251295a8e133
961|33|liplike bradenhead sleeper sauger|d9f20fa1530e431eb0da81c4ac3bc7966d2913acd6bccaf5670918b51c6c386c
962|45|eutaxitic anthracitic lacertiform uninflected|472f3b45004d1acd08301292f3e64985b155ad63c5381baf04433a5cdf423a0b
963|44|metempsychose Zosteropinae unvariably Vehmic|3f74188fc3112e1944cc7bdedcf271bdbc27f437d09bd95810676c6b47d95909
964|47|Piedmontese sacroischiadic noncreation choreoid|af0539944a7a107405512332685571fe0d2e0a9963f7990d023b1025411502f1
965|38|electropism libelee plugged urinometer|88791acbc1ad3a7910b46728a9b8f09131aed8920a7e5b41fcd44667834457ac
966|36|spokester grilled reswell belltopper|53e0474c7cf981552234695f3ab6ea95bcd5ed1ca873dd50bd3ee1625e360422
967|52|Steganophthalmata historicogeographical argala nunni|6ec4bb69794e96ac42d5fa810c9fb12523319395d4181598c33e64bec57fd58b
968|36|leeky pyribole soberlike sulphonated|3e4e83a64043beae8c301231a185ad28996bc9373b6f663534372e500a32861d
969|52|interjectionally playmonger humoresquely haemorrhoid|3aa7e597e69dc00e32f15d2b88957365212e94b7e0a2e937aa4e9c6d73f73278
970|32|egoistic Okie hideaway unenacted|f3f8c849eb2fbf7ba486ffd94b342483b3095c1bb5f08d30542dea525b2649ec
971|44|curstfully nonorganization honeysuckled biri|8a01bae7a1f9b1282d6eea9fac9a43f665ca9daf4ba5ffbd23b431b00b791783
972|39|vincular antiparagraphic forb millioned|49821f8ffe8f54247746e7a380691955eeedfaac5c8be4ba9708789f9f25a3bc
973|33|nonbookish loulu caper highwayman|661df92c60a6a788d1023d1a30d00d9cf34f215c0af74c07c8581ce5acac6fe5
974|41|unlifted libertinage sidelingwise fitcher|fa6e58a35f1e4d604aec4b43de638e07a24bda3109c33c46893b2f36b6ba2ddb
975|39|uninwreathed Sciot nooking costermonger|474119dcc61c638e3a8f85a1e185534b8faa207aa72dc770f383e5f572e96b7d
976|43|stele preinstill podophthalmic salvifically|64e06d3901ce9add848f4fbb397453630426a4b58e26bcaa6cdca75493df801c
977|36|Adelina bogier daimonion superbenign|e6e5378a08c429bf674c33faad939f6909cc7858f97f48fff29732527388f8a6
978|39|theriotheism whipking spratty semiessay|6034adfed16b132fef316ad6fd1cfcc3c483e93f02642b3000315f03ae643d09
979|45|decultivate Basilosaurus Sephardic unbemoaned|eec6de2edbc42d5fa6bb2dd4cd2264c8bf01b92aebbe69e4fc4dce80c3cbc32c
980|36|Lyonnais beatify Spinifex wateriness|7444787ec15be7cdba0c12bc64511d43ebef532b237eb0a888b375975ca9ee52
981|41|seps unendorsed abrogative intentionality|268065f3a330b66f2c0940a9f606ed6579a1aaec4c81cc2396151ac1a9624568
982|50|unverity vertible complementation flagellariaceous|ef75719628cad256564db7acf2e4661aead57876cb083db163169ad67e06806c
983|41|elaterium scumlike psychodrama Centaurium|104fbf1d1280709011e1534b9978fa7ccdcc4a2977cc7778db7413481ca1ad6c
984|38|invasionist unrestraint nomic coiffure|7caed5ebbc31e9e07b6f3847948fe9eb707eeae7ed92c7fd518d58bd218f6565
985|43|ineloquence speculation pharmic unaccusably|38397907a152de0250f8dc7ab970fdd0763e53028db26404019793cf7f291c0c
986|32|subdentate Lea cloudling quadded|31662a91a548eb6a69a0d634f0c48ab15bd43111e8343563e01c04a2f460eda4
987|39|archididascalos synousiacs poxy cranian|8fee68643df31c1236eae5a02c93c2b476e4aa062c2c6b7196de7b296cdadb1d
988|43|mendable clerkery recandidacy excortication|3920d1c07cb420ed18b9cdb58406f9e0957b940adf32fd444d9d959f0c22ef1a
989|49|superdemocratic melanoplakia spiritfully retrieve|6bba3dd023f90abb3d10e12b0ae09dee5894e189f37bca5a86188c1b8c0fcba6
990|39|antecedent Estella blench autopoisonous|928d22f46db1cad0d98e18fb3dec07e875bc9c5de5bab263e3d37bc9d038bc5b
991|43|obligedness pantamorph overambling abductor|3c1fa3d3312005c2298ab102100ec1d1106cd7bf6634e46d3173d236052c436b
992|39|bargham outlip oophoralgia parcenership|9b0dc8cafccbe92535faad4ac12bb877df1f27a3039fac574cdffc7bd462b3f3
993|37|bedeafen hemiparetic unpitted copycat|65f2a13a2a9580d569561865cdbd777471be0e20e2d5ff77a838b1a04bb426c5
994|34|unconsenting ghee outweep upharbor|44a870ee2c857efcd2f91698de03c1bf7a96b6230c029dae63c0d48d1a9d3c82
995|41|abdicable trustfully sculptile protestive|3a75199ba2bd4e5915f5e170c94edf4c738e5165cc3cfe69efee392f13e20b7f
996|42|temperateness decretive bradysphygmia leam|f210df06bf1fba1db081585335599316fc02ee970bcf2e3c2d2220f9b5d813a9
997|46|microbattery xylophilous binode pygobranchiate|4a3e84bf3c5bf6dd90ad71270c8e90534f2785e3553850d22780bbcb48e02c22
998|40|carcinopolypus racial myosin vibromotive|93a95841b9b9d98ce5740d3d7db3540a9ec4a379bea3f9b3c75d8a3d5fcabe2c
999|44|attemperament syringitis thranite silverness|ddddb01afca820e1e394f1921bc9235b55d6968982199ddc5ac19b4daf36eaf2
